timestamp,cape_town_temp,cape_town_humidity,cape_town_precipitation,cape_town_snow,cape_town_windspeed
2024-01-01 00:00:00,21.7,68.95,0.0,0.0,14.8
2024-01-01 01:00:00,21.1,71.91,0.0,0.0,13.0
2024-01-01 02:00:00,22.6,60.76,0.0,0.0,16.5
2024-01-01 03:00:00,21.0,68.81,0.0,0.0,5.4
2024-01-01 04:00:00,19.1,76.84,0.0,0.0,11.2
2024-01-01 05:00:00,23.1,54.04,0.0,0.0,14.1
2024-01-01 06:00:00,19.8,72.9,0.0,0.0,9.4
2024-01-01 07:00:00,22.1,63.87,0.0,0.0,9.4
2024-01-01 08:00:00,27.5,38.07,0.0,0.0,7.9
2024-01-01 09:00:00,27.4,42.71,0.0,0.0,7.5
2024-01-01 10:00:00,29.3,36.83,0.0,0.0,5.7
2024-01-01 11:00:00,31.0,31.18,0.0,0.0,10.0
2024-01-01 12:00:00,32.0,28.28,0.0,0.0,9.4
2024-01-01 13:00:00,33.0,27.87,0.0,0.0,24.1
2024-01-01 14:00:00,31.7,31.0,0.0,0.0,12.0
2024-01-01 15:00:00,31.5,37.19,0.0,0.0,30.7
2024-01-01 16:00:00,30.6,41.58,0.0,0.0,30.5
2024-01-01 17:00:00,30.2,41.82,0.0,0.0,18.7
2024-01-01 18:00:00,31.6,41.44,0.0,0.0,30.5
2024-01-01 19:00:00,27.8,54.53,0.0,0.0,26.9
2024-01-01 20:00:00,27.4,50.27,0.0,0.0,17.4
2024-01-01 21:00:00,24.2,64.97,0.0,0.0,13.0
2024-01-01 22:00:00,23.8,65.32,0.0,0.0,13.8
2024-01-01 23:00:00,27.7,45.18,0.0,0.0,12.0
2024-01-02 00:00:00,21.8,69.89,0.0,0.0,14.8
2024-01-02 01:00:00,21.8,69.89,0.0,0.0,15.6
2024-01-02 02:00:00,26.7,48.74,0.0,0.0,2.6
2024-01-02 03:00:00,21.0,73.12,0.0,0.0,9.4
2024-01-02 04:00:00,19.8,77.73,0.0,0.0,4.5
2024-01-02 05:00:00,23.8,58.48,0.0,0.0,2.5
2024-01-02 06:00:00,18.1,83.76,0.0,0.0,1.8
2024-01-02 07:00:00,21.0,73.12,0.0,0.0,3.6
2024-01-02 08:00:00,28.4,50.02,0.0,0.0,2.5
2024-01-02 09:00:00,27.2,54.01,0.0,0.0,6.5
2024-01-02 10:00:00,30.1,44.91,0.0,0.0,7.6
2024-01-02 11:00:00,33.0,33.79,0.0,0.0,6.3
2024-01-02 12:00:00,33.8,32.52,0.0,0.0,20.5
2024-01-02 13:00:00,32.9,36.33,0.0,0.0,9.4
2024-01-02 14:00:00,29.6,42.38,0.0,0.0,12.4
2024-01-02 15:00:00,30.7,43.03,0.0,0.0,17.5
2024-01-02 16:00:00,30.0,42.83,0.0,0.0,20.5
2024-01-02 17:00:00,31.5,41.56,0.0,0.0,4.4
2024-01-02 18:00:00,25.8,57.58,0.0,0.0,16.6
2024-01-02 19:00:00,23.0,64.72,0.0,0.0,14.8
2024-01-02 20:00:00,27.9,50.43,0.0,0.0,2.0
2024-01-02 21:00:00,19.9,78.54,0.0,0.0,17.5
2024-01-02 22:00:00,20.0,77.77,0.0,0.0,16.6
2024-01-02 23:00:00,24.4,56.45,0.0,0.0,1.4
2024-01-03 00:00:00,20.0,77.77,0.0,0.0,13.0
2024-01-03 01:00:00,19.0,82.75,0.0,0.0,16.6
2024-01-03 02:00:00,22.9,60.91,0.0,0.0,3.8
2024-01-03 03:00:00,17.9,88.09,0.0,0.0,6.4
2024-01-03 04:00:00,18.0,88.1,0.0,0.0,9.4
2024-01-03 05:00:00,19.0,74.55,0.0,0.0,1.4
2024-01-03 06:00:00,17.8,89.57,0.0,0.0,12.0
2024-01-03 07:00:00,19.0,88.19,0.0,0.0,3.6
2024-01-03 08:00:00,24.3,61.27,0.0,0.0,5.6
2024-01-03 09:00:00,24.9,61.14,0.0,0.0,22.3
2024-01-03 10:00:00,26.9,54.85,0.0,0.0,31.7
2024-01-03 11:00:00,29.1,47.54,0.0,0.0,13.2
2024-01-03 12:00:00,28.0,51.25,0.0,0.0,27.7
2024-01-03 13:00:00,29.0,47.72,0.0,0.0,22.3
2024-01-03 14:00:00,31.1,41.11,0.0,0.0,11.7
2024-01-03 15:00:00,30.8,43.62,0.0,0.0,33.5
2024-01-03 16:00:00,31.4,43.8,0.0,0.0,28.6
2024-01-03 17:00:00,29.1,46.75,0.0,0.0,17.3
2024-01-03 18:00:00,29.6,48.84,0.0,0.0,25.9
2024-01-03 19:00:00,27.6,55.04,0.0,0.0,27.7
2024-01-03 20:00:00,25.5,57.17,0.0,0.0,19.9
2024-01-03 21:00:00,23.1,68.3,0.0,0.0,26.0
2024-01-03 22:00:00,22.8,66.21,0.0,0.0,21.4
2024-01-03 23:00:00,23.7,59.2,0.0,0.0,23.9
2024-01-04 00:00:00,21.3,71.47,0.0,0.0,14.7
2024-01-04 01:00:00,21.3,71.47,0.0,0.0,8.5
2024-01-04 02:00:00,24.2,52.63,0.0,0.0,5.0
2024-01-04 03:00:00,20.5,76.05,0.0,0.0,13.0
2024-01-04 04:00:00,20.5,76.05,0.0,0.0,14.8
2024-01-04 05:00:00,20.2,61.86,0.0,0.0,1.4
2024-01-04 06:00:00,19.2,82.22,0.0,0.0,14.8
2024-01-04 07:00:00,21.9,69.91,0.0,0.0,22.3
2024-01-04 08:00:00,26.5,46.4,0.0,0.0,5.1
2024-01-04 09:00:00,25.8,57.97,0.0,0.0,27.7
2024-01-04 10:00:00,27.1,54.35,0.0,0.0,33.5
2024-01-04 11:00:00,30.2,38.28,0.0,0.0,15.5
2024-01-04 12:00:00,29.7,47.11,0.0,0.0,25.8
2024-01-04 13:00:00,29.9,45.62,0.0,0.0,25.0
2024-01-04 14:00:00,31.1,36.76,0.0,0.0,6.6
2024-01-04 15:00:00,32.0,40.72,0.0,0.0,22.3
2024-01-04 16:00:00,32.0,40.72,0.0,0.0,20.5
2024-01-04 17:00:00,29.3,41.39,0.0,0.0,7.7
2024-01-04 18:00:00,27.0,54.34,0.0,0.0,20.5
2024-01-04 19:00:00,26.0,57.63,0.0,0.0,18.4
2024-01-04 20:00:00,21.0,68.53,0.0,0.0,2.6
2024-01-04 21:00:00,22.1,68.78,0.0,0.0,14.8
2024-01-04 22:00:00,19.8,78.26,0.0,0.0,13.0
2024-01-04 23:00:00,18.5,78.66,0.0,0.0,1.3
2024-01-05 00:00:00,18.9,83.3,0.0,0.0,14.8
2024-01-05 01:00:00,18.1,87.22,0.0,0.0,25.9
2024-01-05 02:00:00,16.7,84.69,0.0,0.0,8.9
2024-01-05 03:00:00,16.8,94.46,0.0,0.0,20.5
2024-01-05 04:00:00,16.8,95.41,0.0,0.0,20.5
2024-01-05 05:00:00,16.2,89.39,0.0,0.0,8.9
2024-01-05 06:00:00,18.0,92.64,0.0,0.0,18.4
2024-01-05 07:00:00,18.0,88.1,0.0,0.0,21.4
2024-01-05 08:00:00,16.3,84.11,0.0,0.0,8.4
2024-01-05 09:00:00,20.0,72.94,0.0,0.0,24.1
2024-01-05 10:00:00,22.0,64.5,0.0,0.0,25.9
2024-01-05 11:00:00,20.7,68.04,0.0,0.0,11.4
2024-01-05 12:00:00,24.0,57.15,0.0,0.0,31.7
2024-01-05 13:00:00,24.0,57.15,0.0,0.0,31.7
2024-01-05 14:00:00,23.0,58.0,0.0,0.0,12.7
2024-01-05 15:00:00,23.3,59.35,0.0,0.0,37.8
2024-01-05 16:00:00,23.0,60.7,0.0,0.0,38.9
2024-01-05 17:00:00,21.7,64.84,0.0,0.0,15.1
2024-01-05 18:00:00,22.0,68.77,0.0,0.0,37.1
2024-01-05 19:00:00,21.8,68.5,0.0,0.0,37.0
2024-01-05 20:00:00,19.7,75.48,0.0,0.0,10.9
2024-01-05 21:00:00,20.3,75.0,0.0,0.0,26.1
2024-01-05 22:00:00,19.9,82.86,0.0,0.0,23.3
2024-01-05 23:00:00,18.0,85.5,0.0,0.0,8.2
2024-01-06 00:00:00,20.3,85.43,0.0,0.0,21.5
2024-01-06 01:00:00,21.0,82.99,0.0,0.0,20.5
2024-01-06 02:00:00,17.4,88.96,0.0,0.0,8.9
2024-01-06 03:00:00,20.0,87.69,0.0,0.0,14.8
2024-01-06 04:00:00,19.0,93.93,0.0,0.0,16.6
2024-01-06 05:00:00,15.5,91.89,0.0,0.0,10.1
2024-01-06 06:00:00,19.0,93.93,0.0,0.0,20.5
2024-01-06 07:00:00,18.9,89.06,0.0,0.0,14.8
2024-01-06 08:00:00,18.6,76.79,0.0,0.0,8.9
2024-01-06 09:00:00,21.1,73.12,0.0,0.0,23.3
2024-01-06 10:00:00,22.0,66.93,0.0,0.0,24.1
2024-01-06 11:00:00,22.2,57.73,0.0,0.0,14.3
2024-01-06 12:00:00,24.0,50.2,0.0,0.0,33.5
2024-01-06 13:00:00,22.5,61.16,0.0,0.0,27.7
2024-01-06 14:00:00,22.5,58.82,0.0,0.0,13.1
2024-01-06 15:00:00,24.6,46.05,0.0,0.0,28.7
2024-01-06 16:00:00,24.2,47.87,0.0,0.0,25.0
2024-01-06 17:00:00,22.4,58.32,0.0,0.0,16.1
2024-01-06 18:00:00,23.7,52.42,0.0,0.0,25.0
2024-01-06 19:00:00,21.6,66.19,0.0,0.0,23.2
2024-01-06 20:00:00,20.3,69.71,0.0,0.0,13.5
2024-01-06 21:00:00,19.0,82.75,0.0,0.0,11.2
2024-01-06 22:00:00,18.6,83.55,0.0,0.0,7.5
2024-01-06 23:00:00,20.0,73.81,0.0,0.0,3.6
2024-01-07 00:00:00,18.8,88.17,0.0,0.0,28.7
2024-01-07 01:00:00,16.9,88.9,0.0,0.0,24.0
2024-01-07 02:00:00,18.7,75.97,0.0,0.0,9.3
2024-01-07 03:00:00,18.0,82.63,0.0,0.0,14.8
2024-01-07 04:00:00,18.1,77.47,0.0,0.0,15.7
2024-01-07 05:00:00,18.8,61.82,0.0,0.0,11.8
2024-01-07 06:00:00,16.8,78.61,0.0,0.0,27.6
2024-01-07 07:00:00,16.9,76.77,0.0,0.0,20.5
2024-01-07 08:00:00,18.8,62.09,0.0,0.0,14.2
2024-01-07 09:00:00,19.0,64.51,0.0,0.0,18.6
2024-01-07 10:00:00,20.2,60.04,0.0,0.0,25.9
2024-01-07 11:00:00,20.6,50.36,0.0,0.0,17.3
2024-01-07 12:00:00,21.7,55.23,0.0,0.0,29.5
2024-01-07 13:00:00,21.7,55.23,0.0,0.0,32.3
2024-01-07 14:00:00,21.3,49.69,0.0,0.0,18.1
2024-01-07 15:00:00,21.8,50.31,0.0,0.0,38.9
2024-01-07 16:00:00,22.3,48.87,0.0,0.0,38.9
2024-01-07 17:00:00,20.3,49.75,0.0,0.0,19.3
2024-01-07 18:00:00,21.3,51.79,0.0,0.0,39.7
2024-01-07 19:00:00,20.0,57.15,0.0,0.0,40.7
2024-01-07 20:00:00,18.9,59.36,0.0,0.0,19.9
2024-01-07 21:00:00,18.0,67.97,0.0,0.0,29.5
2024-01-07 22:00:00,17.9,72.56,0.0,0.0,27.7
2024-01-07 23:00:00,18.4,61.02,0.0,0.0,18.6
2024-01-08 00:00:00,17.7,72.78,0.0,0.0,26.9
2024-01-08 01:00:00,17.0,72.4,0.0,0.0,24.1
2024-01-08 02:00:00,18.1,61.04,0.0,0.0,16.8
2024-01-08 03:00:00,17.0,77.31,0.0,0.0,22.3
2024-01-08 04:00:00,17.0,77.31,0.0,0.0,24.1
2024-01-08 05:00:00,17.9,63.08,0.0,0.0,18.1
2024-01-08 06:00:00,16.8,82.48,0.0,0.0,25.9
2024-01-08 07:00:00,18.1,75.91,0.0,0.0,27.7
2024-01-08 08:00:00,19.5,58.69,0.0,0.0,18.0
2024-01-08 09:00:00,21.2,59.86,0.0,0.0,29.6
2024-01-08 10:00:00,22.3,54.83,0.0,0.0,30.5
2024-01-08 11:00:00,21.8,53.4,0.0,0.0,15.6
2024-01-08 12:00:00,23.2,53.36,0.0,0.0,40.8
2024-01-08 13:00:00,23.6,52.03,0.0,0.0,42.5
2024-01-08 14:00:00,22.6,51.4,0.0,0.0,20.0
2024-01-08 15:00:00,23.6,53.66,0.0,0.0,44.4
2024-01-08 16:00:00,23.6,53.66,0.0,0.0,44.4
2024-01-08 17:00:00,21.7,54.12,0.0,0.0,23.0
2024-01-08 18:00:00,23.0,53.32,0.0,0.0,40.7
2024-01-08 19:00:00,23.1,53.54,0.0,0.0,39.1
2024-01-08 20:00:00,21.3,55.06,0.0,0.0,23.4
2024-01-08 21:00:00,20.7,62.49,0.0,0.0,31.7
2024-01-08 22:00:00,20.1,68.39,0.0,0.0,36.2
2024-01-08 23:00:00,21.5,49.21,0.0,0.0,21.7
2024-01-09 00:00:00,19.1,76.32,0.0,0.0,28.6
2024-01-09 01:00:00,19.2,75.83,0.0,0.0,33.5
2024-01-09 02:00:00,21.3,57.95,0.0,0.0,21.0
2024-01-09 03:00:00,18.9,73.49,0.0,0.0,15.6
2024-01-09 04:00:00,18.6,73.44,0.0,0.0,13.0
2024-01-09 05:00:00,21.0,57.63,0.0,0.0,16.1
2024-01-09 06:00:00,17.3,81.71,0.0,0.0,16.6
2024-01-09 07:00:00,18.2,80.45,0.0,0.0,20.5
2024-01-09 08:00:00,22.6,53.38,0.0,0.0,1.6
2024-01-09 09:00:00,22.0,63.63,0.0,0.0,27.7
2024-01-09 10:00:00,23.0,60.05,0.0,0.0,26.0
2024-01-09 11:00:00,26.2,43.65,0.0,0.0,7.7
2024-01-09 12:00:00,25.8,48.97,0.0,0.0,19.4
2024-01-09 13:00:00,25.8,50.5,0.0,0.0,22.0
2024-01-09 14:00:00,26.0,54.08,0.0,0.0,27.7
2024-01-09 15:00:00,25.8,54.76,0.0,0.0,29.5
2024-01-09 16:00:00,25.6,57.55,0.0,0.0,34.4
2024-01-09 17:00:00,22.4,64.75,0.0,0.0,21.7
2024-01-09 18:00:00,21.9,69.45,0.0,0.0,37.1
2024-01-09 19:00:00,21.0,73.36,0.0,0.0,37.1
2024-01-09 20:00:00,20.6,72.43,0.0,0.0,26.5
2024-01-09 21:00:00,21.0,73.36,0.0,0.0,35.3
2024-01-09 22:00:00,21.7,70.59,0.0,0.0,35.3
2024-01-09 23:00:00,21.6,65.17,0.0,0.0,25.3
2024-01-10 00:00:00,20.2,75.99,0.0,0.0,37.1
2024-01-10 01:00:00,20.0,72.94,0.0,0.0,38.9
2024-01-10 02:00:00,20.8,65.03,0.0,0.0,24.8
2024-01-10 03:00:00,19.9,73.66,0.0,0.0,37.1
2024-01-10 04:00:00,20.0,68.38,0.0,0.0,37.1
2024-01-10 05:00:00,19.9,68.17,0.0,0.0,23.5
2024-01-10 06:00:00,19.0,76.57,0.0,0.0,37.2
2024-01-10 07:00:00,19.5,74.34,0.0,0.0,37.2
2024-01-10 08:00:00,20.2,67.98,0.0,0.0,22.3
2024-01-10 09:00:00,22.2,63.89,0.0,0.0,37.9
2024-01-10 10:00:00,22.9,61.3,0.0,0.0,43.5
2024-01-10 11:00:00,21.7,61.27,0.0,0.0,23.6
2024-01-10 12:00:00,24.0,57.15,0.0,0.0,44.6
2024-01-10 13:00:00,24.3,55.88,0.0,0.0,42.8
2024-01-10 14:00:00,22.2,59.84,0.0,0.0,24.1
2024-01-10 15:00:00,24.4,55.73,0.0,0.0,45.5
2024-01-10 16:00:00,24.4,55.73,0.0,0.0,44.6
2024-01-10 17:00:00,20.8,67.11,0.0,0.0,24.9
2024-01-10 18:00:00,23.9,57.34,0.0,0.0,41.9
2024-01-10 19:00:00,23.0,60.73,0.0,0.0,42.8
2024-01-10 20:00:00,19.9,69.65,0.0,0.0,26.5
2024-01-10 21:00:00,22.5,62.5,0.0,0.0,42.8
2024-01-10 22:00:00,20.1,71.0,0.0,0.0,39.8
2024-01-10 23:00:00,21.4,57.72,0.0,0.0,24.1
2024-01-11 00:00:00,20.0,72.94,0.0,0.0,27.7
2024-01-11 01:00:00,20.1,71.0,0.0,0.0,31.1
2024-01-11 02:00:00,20.5,63.03,0.0,0.0,19.7
2024-01-11 03:00:00,19.0,72.76,0.0,0.0,14.8
2024-01-11 04:00:00,19.0,72.76,0.0,0.0,20.5
2024-01-11 05:00:00,20.2,57.03,0.0,0.0,4.4
2024-01-11 06:00:00,17.0,82.51,0.0,0.0,18.4
2024-01-11 07:00:00,18.9,77.08,0.0,0.0,13.0
2024-01-11 08:00:00,22.8,53.32,0.0,0.0,1.3
2024-01-11 09:00:00,24.0,53.76,0.0,0.0,8.5
2024-01-11 10:00:00,26.6,47.72,0.0,0.0,10.2
2024-01-11 11:00:00,27.6,39.0,0.0,0.0,4.9
2024-01-11 12:00:00,29.0,41.99,0.0,0.0,17.8
2024-01-11 13:00:00,30.2,38.09,0.0,0.0,21.5
2024-01-11 14:00:00,28.7,36.09,0.0,0.0,15.4
2024-01-11 15:00:00,29.8,40.39,0.0,0.0,26.0
2024-01-11 16:00:00,29.2,39.67,0.0,0.0,22.3
2024-01-11 17:00:00,28.7,36.42,0.0,0.0,10.1
2024-01-11 18:00:00,27.6,46.55,0.0,0.0,20.5
2024-01-11 19:00:00,26.1,51.95,0.0,0.0,19.5
2024-01-11 20:00:00,22.6,57.92,0.0,0.0,1.5
2024-01-11 21:00:00,21.4,74.44,0.0,0.0,16.5
2024-01-11 22:00:00,19.1,87.9,0.0,0.0,19.4
2024-01-11 23:00:00,19.3,70.76,0.0,0.0,3.8
2024-01-12 00:00:00,18.3,92.66,0.0,0.0,17.5
2024-01-12 01:00:00,18.3,92.66,0.0,0.0,16.6
2024-01-12 02:00:00,18.0,78.7,0.0,0.0,2.0
2024-01-12 03:00:00,18.3,92.66,0.0,0.0,17.5
2024-01-12 04:00:00,18.2,99.02,0.0,0.0,23.3
2024-01-12 05:00:00,16.2,91.24,0.0,0.0,4.3
2024-01-12 06:00:00,18.8,95.17,0.0,0.0,13.0
2024-01-12 07:00:00,19.9,88.26,0.0,0.0,15.7
2024-01-12 08:00:00,20.4,75.68,0.0,0.0,5.6
2024-01-12 09:00:00,23.1,68.98,0.0,0.0,17.4
2024-01-12 10:00:00,24.2,64.97,0.0,0.0,16.6
2024-01-12 11:00:00,24.4,64.6,0.0,0.0,7.0
2024-01-12 12:00:00,26.2,57.29,0.0,0.0,20.5
2024-01-12 13:00:00,26.6,56.45,0.0,0.0,25.1
2024-01-12 14:00:00,27.5,55.21,0.0,0.0,10.3
2024-01-12 15:00:00,25.0,65.15,0.0,0.0,31.7
2024-01-12 16:00:00,25.1,64.09,0.0,0.0,28.7
2024-01-12 17:00:00,26.7,55.21,0.0,0.0,16.9
2024-01-12 18:00:00,23.1,72.03,0.0,0.0,31.7
2024-01-12 19:00:00,22.0,73.29,0.0,0.0,32.5
2024-01-12 20:00:00,22.7,62.27,0.0,0.0,7.6
2024-01-12 21:00:00,20.0,82.87,0.0,0.0,25.9
2024-01-12 22:00:00,20.0,82.32,0.0,0.0,20.5
2024-01-12 23:00:00,20.8,61.66,0.0,0.0,1.5
2024-01-13 00:00:00,19.2,87.32,0.0,0.0,20.4
2024-01-13 01:00:00,19.0,88.19,0.0,0.0,20.5
2024-01-13 02:00:00,19.2,62.25,0.0,0.0,1.5
2024-01-13 03:00:00,18.8,88.17,0.0,0.0,13.9
2024-01-13 04:00:00,17.1,92.9,0.0,0.0,3.6
2024-01-13 05:00:00,18.9,56.47,0.0,0.0,5.0
2024-01-13 06:00:00,17.0,82.51,0.0,0.0,9.4
2024-01-13 07:00:00,19.1,88.78,0.0,0.0,11.2
2024-01-13 08:00:00,22.2,52.18,0.0,0.0,1.4
2024-01-13 09:00:00,21.4,76.65,0.0,0.0,16.6
2024-01-13 10:00:00,24.3,61.84,0.0,0.0,16.6
2024-01-13 11:00:00,25.3,52.64,0.0,0.0,9.3
2024-01-13 12:00:00,26.8,58.21,0.0,0.0,19.4
2024-01-13 13:00:00,26.5,58.14,0.0,0.0,19.4
2024-01-13 14:00:00,24.5,67.15,0.0,0.0,21.7
2024-01-13 15:00:00,26.0,61.39,0.0,0.0,27.7
2024-01-13 16:00:00,26.1,59.8,0.0,0.0,22.0
2024-01-13 17:00:00,26.8,51.8,0.0,0.0,13.7
2024-01-13 18:00:00,24.7,61.5,0.0,0.0,25.0
2024-01-13 19:00:00,23.0,64.72,0.0,0.0,22.3
2024-01-13 20:00:00,23.4,60.73,0.0,0.0,8.5
2024-01-13 21:00:00,20.9,82.43,0.0,0.0,20.5
2024-01-13 22:00:00,20.0,88.27,0.0,0.0,13.0
2024-01-13 23:00:00,20.5,67.52,0.0,0.0,3.7
2024-01-14 00:00:00,19.0,88.19,0.0,0.0,13.0
2024-01-14 01:00:00,19.0,88.19,0.0,0.0,14.8
2024-01-14 02:00:00,18.7,69.05,0.0,0.0,3.7
2024-01-14 03:00:00,19.0,88.19,0.0,0.0,9.4
2024-01-14 04:00:00,18.2,87.23,0.0,0.0,9.4
2024-01-14 05:00:00,17.7,74.62,0.0,0.0,0.1
2024-01-14 06:00:00,17.1,88.02,0.0,0.0,6.5
2024-01-14 07:00:00,18.8,89.35,0.0,0.0,6.5
2024-01-14 08:00:00,20.6,67.16,0.0,0.0,3.7
2024-01-14 09:00:00,23.0,68.97,0.0,0.0,13.0
2024-01-14 10:00:00,22.7,68.19,0.0,0.0,14.6
2024-01-14 11:00:00,23.5,60.36,0.0,0.0,5.0
2024-01-14 12:00:00,25.5,49.91,0.0,0.0,20.2
2024-01-14 13:00:00,26.0,54.08,0.0,0.0,22.3
2024-01-14 14:00:00,24.5,58.98,0.0,0.0,15.5
2024-01-14 15:00:00,25.6,52.02,0.0,0.0,25.9
2024-01-14 16:00:00,25.2,57.05,0.0,0.0,25.0
2024-01-14 17:00:00,24.1,55.49,0.0,0.0,17.9
2024-01-14 18:00:00,23.2,64.11,0.0,0.0,30.5
2024-01-14 19:00:00,22.3,67.68,0.0,0.0,23.2
2024-01-14 20:00:00,21.9,61.16,0.0,0.0,8.2
2024-01-14 21:00:00,20.7,74.55,0.0,0.0,17.4
2024-01-14 22:00:00,20.4,77.82,0.0,0.0,20.5
2024-01-14 23:00:00,19.6,68.26,0.0,0.0,1.9
2024-01-15 00:00:00,19.8,82.85,0.0,0.0,14.8
2024-01-15 01:00:00,19.0,88.19,0.0,0.0,13.0
2024-01-15 02:00:00,18.5,70.4,0.0,0.0,3.7
2024-01-15 03:00:00,19.0,88.19,0.0,0.0,13.0
2024-01-15 04:00:00,18.7,84.4,0.0,0.0,13.0
2024-01-15 05:00:00,18.2,71.83,0.0,0.0,0.1
2024-01-15 06:00:00,18.6,81.59,0.0,0.0,8.5
2024-01-15 07:00:00,19.3,79.51,0.0,0.0,5.4
2024-01-15 08:00:00,19.4,69.87,0.0,0.0,4.2
2024-01-15 09:00:00,19.5,81.76,0.0,0.0,8.3
2024-01-15 10:00:00,23.4,59.78,0.0,0.0,8.5
2024-01-15 11:00:00,25.0,52.65,0.0,0.0,8.7
2024-01-15 12:00:00,25.9,51.04,0.0,0.0,11.2
2024-01-15 13:00:00,26.0,52.83,0.0,0.0,20.2
2024-01-15 14:00:00,24.9,55.57,0.0,0.0,11.8
2024-01-15 15:00:00,25.9,50.19,0.0,0.0,25.0
2024-01-15 16:00:00,25.8,48.64,0.0,0.0,32.6
2024-01-15 17:00:00,25.7,51.32,0.0,0.0,29.1
2024-01-15 18:00:00,24.3,59.99,0.0,0.0,31.7
2024-01-15 19:00:00,22.8,69.85,0.0,0.0,29.5
2024-01-15 20:00:00,21.8,73.25,0.0,0.0,27.8
2024-01-15 21:00:00,21.2,80.31,0.0,0.0,28.9
2024-01-15 22:00:00,21.2,80.31,0.0,0.0,26.4
2024-01-15 23:00:00,20.8,82.06,0.0,0.0,17.3
2024-01-16 00:00:00,20.7,82.7,0.0,0.0,25.3
2024-01-16 01:00:00,20.7,82.7,0.0,0.0,26.4
2024-01-16 02:00:00,19.8,86.92,0.0,0.0,17.9
2024-01-16 03:00:00,20.7,82.7,0.0,0.0,26.4
2024-01-16 04:00:00,20.7,80.25,0.0,0.0,27.2
2024-01-16 05:00:00,20.7,80.25,0.0,0.0,28.1
2024-01-16 06:00:00,20.7,80.25,0.0,0.0,27.2
2024-01-16 07:00:00,20.2,86.27,0.0,0.0,20.5
2024-01-16 08:00:00,20.9,78.24,0.0,0.0,26.4
2024-01-16 09:00:00,22.9,68.49,0.0,0.0,29.8
2024-01-16 10:00:00,24.0,64.93,0.0,0.0,33.5
2024-01-16 11:00:00,24.6,55.56,0.0,0.0,31.3
2024-01-16 12:00:00,25.1,57.41,0.0,0.0,37.1
2024-01-16 13:00:00,25.0,61.16,0.0,0.0,42.5
2024-01-16 14:00:00,23.5,59.42,0.0,0.0,23.6
2024-01-16 15:00:00,24.1,58.94,0.0,0.0,53.6
2024-01-16 16:00:00,24.0,57.15,0.0,0.0,50.0
2024-01-16 17:00:00,22.0,59.07,0.0,0.0,29.1
2024-01-16 18:00:00,21.9,61.48,0.0,0.0,47.3
2024-01-16 19:00:00,21.0,64.29,0.0,0.0,38.9
2024-01-16 20:00:00,19.2,64.53,0.0,0.0,25.3
2024-01-16 21:00:00,19.0,63.85,0.0,0.0,38.9
2024-01-16 22:00:00,18.1,68.46,0.0,0.0,29.5
2024-01-16 23:00:00,19.2,56.31,0.0,0.0,27.6
2024-01-17 00:00:00,18.1,72.59,0.0,0.0,35.3
2024-01-17 01:00:00,18.9,64.49,0.0,0.0,41.5
2024-01-17 02:00:00,19.2,68.02,0.0,0.0,21.8
2024-01-17 03:00:00,18.7,74.22,0.0,0.0,30.5
2024-01-17 04:00:00,19.0,72.76,0.0,0.0,24.1
2024-01-17 05:00:00,19.5,72.11,0.0,0.0,23.3
2024-01-17 06:00:00,19.2,75.83,0.0,0.0,31.6
2024-01-17 07:00:00,20.8,69.7,0.0,0.0,29.5
2024-01-17 08:00:00,21.3,64.78,0.0,0.0,18.1
2024-01-17 09:00:00,23.1,60.72,0.0,0.0,41.6
2024-01-17 10:00:00,24.4,58.63,0.0,0.0,33.5
2024-01-17 11:00:00,24.5,55.93,0.0,0.0,17.4
2024-01-17 12:00:00,26.0,54.08,0.0,0.0,37.1
2024-01-17 13:00:00,26.3,53.27,0.0,0.0,41.5
2024-01-17 14:00:00,24.9,53.57,0.133,0.0,20.6
2024-01-17 15:00:00,25.6,54.36,0.0,0.0,49.2
2024-01-17 16:00:00,25.0,57.39,0.0,0.0,50.0
2024-01-17 17:00:00,23.3,56.78,0.0,0.0,26.8
2024-01-17 18:00:00,24.1,56.59,0.0,0.0,44.6
2024-01-17 19:00:00,24.0,57.15,0.0,0.0,35.3
2024-01-17 20:00:00,23.6,54.24,0.0,0.0,23.6
2024-01-17 21:00:00,22.2,63.46,0.0,0.0,26.8
2024-01-17 22:00:00,21.9,64.05,0.0,0.0,24.1
2024-01-17 23:00:00,22.0,60.91,0.0,0.0,20.3
2024-01-18 00:00:00,20.2,66.8,0.0,0.0,9.4
2024-01-18 01:00:00,19.9,69.53,0.0,0.0,12.1
2024-01-18 02:00:00,22.6,53.4,0.0,0.0,13.6
2024-01-18 03:00:00,18.8,72.72,0.0,0.0,3.6
2024-01-18 04:00:00,19.0,79.63,0.0,0.0,24.1
2024-01-18 05:00:00,19.0,60.47,0.0,0.0,3.8
2024-01-18 06:00:00,19.0,72.76,0.0,0.0,13.0
2024-01-18 07:00:00,20.0,68.61,0.0,0.0,11.2
2024-01-18 08:00:00,23.9,45.56,0.0,0.0,1.5
2024-01-18 09:00:00,23.7,54.83,0.0,0.0,14.7
2024-01-18 10:00:00,27.6,38.54,0.0,0.0,14.1
2024-01-18 11:00:00,29.8,29.72,0.0,0.0,5.6
2024-01-18 12:00:00,29.8,33.44,0.0,0.0,21.5
2024-01-18 13:00:00,30.0,37.47,0.0,0.0,18.0
2024-01-18 14:00:00,33.5,24.24,0.0,0.0,6.9
2024-01-18 15:00:00,29.5,40.6,0.0,0.0,28.3
2024-01-18 16:00:00,28.5,47.06,0.0,0.0,29.9
2024-01-18 17:00:00,32.8,24.88,0.0,0.0,9.3
2024-01-18 18:00:00,28.7,48.52,0.0,0.0,40.9
2024-01-18 19:00:00,28.4,48.0,0.0,0.0,40.1
2024-01-18 20:00:00,27.1,47.32,0.0,0.0,21.0
2024-01-18 21:00:00,24.5,54.29,0.0,0.0,15.6
2024-01-18 22:00:00,24.6,51.36,0.0,0.0,13.8
2024-01-18 23:00:00,27.7,37.26,0.0,0.0,12.3
2024-01-19 00:00:00,22.5,55.42,0.0,0.0,19.6
2024-01-19 01:00:00,18.4,68.04,0.0,0.0,79.6
2024-01-19 02:00:00,25.5,40.08,0.0,0.0,3.8
2024-01-19 03:00:00,19.8,68.93,0.0,0.0,20.7
2024-01-19 04:00:00,19.7,69.15,0.0,0.0,19.8
2024-01-19 05:00:00,23.7,40.76,0.0,0.0,1.4
2024-01-19 06:00:00,18.9,72.84,0.0,0.0,6.9
2024-01-19 07:00:00,21.1,67.37,0.0,0.0,10.2
2024-01-19 08:00:00,30.1,35.66,0.0,0.0,2.6
2024-01-19 09:00:00,26.6,48.37,0.0,0.0,13.8
2024-01-19 10:00:00,28.9,39.94,0.0,0.0,12.5
2024-01-19 11:00:00,34.1,26.16,0.0,0.0,4.9
2024-01-19 12:00:00,33.1,29.26,0.0,0.0,12.1
2024-01-19 13:00:00,34.8,26.7,0.0,0.0,14.7
2024-01-19 14:00:00,35.8,16.78,0.0,0.0,9.5
2024-01-19 15:00:00,34.9,26.05,0.0,0.0,17.1
2024-01-19 16:00:00,34.8,25.45,0.0,0.0,17.9
2024-01-19 17:00:00,36.4,20.35,0.0,0.0,9.4
2024-01-19 18:00:00,33.6,26.03,0.0,0.0,19.6
2024-01-19 19:00:00,31.9,27.4,0.0,0.0,15.4
2024-01-19 20:00:00,32.5,28.09,0.132,0.0,3.2
2024-01-19 21:00:00,24.2,59.38,0.0,0.0,8.6
2024-01-19 22:00:00,23.3,58.65,0.0,0.0,10.2
2024-01-19 23:00:00,28.8,30.59,0.0,0.0,0.1
2024-01-20 00:00:00,24.2,52.72,0.0,0.0,4.4
2024-01-20 01:00:00,21.5,62.2,0.0,0.0,7.9
2024-01-20 02:00:00,26.3,35.23,0.0,0.0,3.6
2024-01-20 03:00:00,22.4,54.36,0.0,0.0,13.4
2024-01-20 04:00:00,21.5,57.8,0.0,0.0,8.1
2024-01-20 05:00:00,18.3,67.49,0.0,0.0,3.2
2024-01-20 06:00:00,19.3,70.02,0.0,0.0,12.6
2024-01-20 07:00:00,20.1,69.15,0.0,0.0,13.2
2024-01-20 08:00:00,19.8,69.67,0.0,0.0,4.3
2024-01-20 09:00:00,22.2,71.53,0.0,0.0,23.5
2024-01-20 10:00:00,23.7,71.04,0.0,0.0,23.3
2024-01-20 11:00:00,23.9,64.28,0.0,0.0,6.3
2024-01-20 12:00:00,25.8,62.4,0.0,0.0,16.7
2024-01-20 13:00:00,28.4,53.59,0.0,0.0,14.9
2024-01-20 14:00:00,26.4,58.73,0.0,0.0,9.4
2024-01-20 15:00:00,26.2,64.34,0.0,0.0,20.3
2024-01-20 16:00:00,23.9,73.44,0.0,0.0,31.2
2024-01-20 17:00:00,22.0,73.61,0.0,0.0,19.9
2024-01-20 18:00:00,22.6,75.12,0.0,0.0,18.3
2024-01-20 19:00:00,22.1,76.56,0.0,0.0,16.8
2024-01-20 20:00:00,21.5,72.24,0.0,0.0,7.3
2024-01-20 21:00:00,19.2,87.2,0.0,0.0,9.9
2024-01-20 22:00:00,19.9,84.09,0.0,0.0,12.1
2024-01-20 23:00:00,18.7,81.6,0.0,0.0,1.3
2024-01-21 00:00:00,18.0,88.99,0.0,0.0,8.0
2024-01-21 01:00:00,17.3,91.08,0.0,0.0,10.7
2024-01-21 02:00:00,18.3,82.07,0.0,0.0,0.2
2024-01-21 03:00:00,18.6,84.54,0.0,0.0,7.1
2024-01-21 04:00:00,18.0,83.77,0.0,0.0,3.4
2024-01-21 05:00:00,17.4,82.41,0.0,0.0,1.2
2024-01-21 06:00:00,17.9,83.43,0.0,0.0,1.7
2024-01-21 07:00:00,19.1,83.67,0.0,0.0,8.1
2024-01-21 08:00:00,18.4,81.12,0.0,0.0,3.7
2024-01-21 09:00:00,22.0,64.85,0.0,0.0,4.2
2024-01-21 10:00:00,21.9,64.58,0.0,0.0,5.8
2024-01-21 11:00:00,24.5,54.04,0.0,0.0,6.3
2024-01-21 12:00:00,23.6,58.1,0.0,0.0,9.8
2024-01-21 13:00:00,23.7,59.69,0.0,0.0,14.5
2024-01-21 14:00:00,26.7,49.65,0.0,0.0,15.6
2024-01-21 15:00:00,26.8,58.36,0.0,0.0,40.3
2024-01-21 16:00:00,25.8,61.89,0.0,0.0,42.3
2024-01-21 17:00:00,25.1,59.29,0.0,0.0,21.7
2024-01-21 18:00:00,23.6,73.79,0.0,0.0,44.0
2024-01-21 19:00:00,21.7,78.58,0.0,0.0,45.1
2024-01-21 20:00:00,20.5,75.17,0.0,0.0,28.4
2024-01-21 21:00:00,19.9,78.13,0.0,0.0,44.9
2024-01-21 22:00:00,19.7,78.71,0.0,0.0,43.0
2024-01-21 23:00:00,20.1,70.46,0.0,0.0,29.0
2024-01-22 00:00:00,19.1,80.86,0.0,0.0,37.2
2024-01-22 01:00:00,19.2,81.91,0.0,0.0,39.9
2024-01-22 02:00:00,20.1,70.23,0.0,0.0,28.3
2024-01-22 03:00:00,18.8,85.14,0.0,0.0,36.2
2024-01-22 04:00:00,18.6,84.42,0.0,0.0,45.9
2024-01-22 05:00:00,19.1,72.53,0.0,0.0,29.8
2024-01-22 06:00:00,18.1,82.71,0.0,0.0,38.8
2024-01-22 07:00:00,18.9,81.62,0.0,0.0,38.8
2024-01-22 08:00:00,19.4,74.61,0.0,0.0,29.2
2024-01-22 09:00:00,20.9,73.24,0.0,0.0,40.0
2024-01-22 10:00:00,23.4,63.08,0.0,0.0,44.1
2024-01-22 11:00:00,22.1,64.18,0.0,0.0,26.6
2024-01-22 12:00:00,25.6,55.36,0.0,0.0,40.5
2024-01-22 13:00:00,26.5,49.17,0.0,0.0,38.5
2024-01-22 14:00:00,23.3,56.01,0.0,0.0,27.8
2024-01-22 15:00:00,26.7,48.05,0.0,0.0,38.1
2024-01-22 16:00:00,26.3,46.67,0.0,0.0,41.3
2024-01-22 17:00:00,23.6,50.06,0.0,0.0,27.8
2024-01-22 18:00:00,25.6,43.39,0.0,0.0,33.8
2024-01-22 19:00:00,24.3,46.14,0.0,0.0,34.5
2024-01-22 20:00:00,22.1,49.61,0.0,0.0,26.5
2024-01-22 21:00:00,21.3,52.53,0.0,0.0,30.6
2024-01-22 22:00:00,19.9,56.39,0.0,0.0,22.0
2024-01-22 23:00:00,22.3,43.86,0.0,0.0,25.1
2024-01-23 00:00:00,19.4,59.96,0.0,0.0,20.0
2024-01-23 01:00:00,17.9,68.85,0.0,0.0,13.2
2024-01-23 02:00:00,22.9,45.16,0.0,0.0,10.6
2024-01-23 03:00:00,18.0,71.7,0.0,0.0,12.9
2024-01-23 04:00:00,19.0,68.18,0.0,0.0,9.4
2024-01-23 05:00:00,24.3,45.38,0.0,0.0,7.4
2024-01-23 06:00:00,18.9,68.7,0.0,0.0,13.5
2024-01-23 07:00:00,19.7,65.12,0.0,0.0,15.7
2024-01-23 08:00:00,26.3,44.98,0.0,0.0,5.1
2024-01-23 09:00:00,24.5,51.69,0.0,0.0,8.5
2024-01-23 10:00:00,26.5,45.65,0.0,0.0,20.8
2024-01-23 11:00:00,30.0,34.53,0.0,0.0,10.6
2024-01-23 12:00:00,29.5,38.75,0.0,0.0,32.8
2024-01-23 13:00:00,29.6,38.85,0.0,0.0,27.0
2024-01-23 14:00:00,33.4,29.99,0.0,0.0,13.8
2024-01-23 15:00:00,28.5,46.16,0.0,0.0,26.8
2024-01-23 16:00:00,28.0,48.09,0.0,0.0,25.0
2024-01-23 17:00:00,32.2,31.11,0.0,0.0,15.6
2024-01-23 18:00:00,29.4,38.81,0.0,0.0,36.9
2024-01-23 19:00:00,28.5,41.07,0.0,0.0,32.2
2024-01-23 20:00:00,28.4,36.18,0.0,0.0,17.4
2024-01-23 21:00:00,23.5,54.61,0.0,0.0,27.2
2024-01-23 22:00:00,22.6,57.84,0.0,0.0,28.0
2024-01-23 23:00:00,25.8,42.33,0.0,0.0,13.8
2024-01-24 00:00:00,20.7,65.09,0.0,0.0,19.0
2024-01-24 01:00:00,19.8,73.26,0.0,0.0,19.5
2024-01-24 02:00:00,22.0,53.72,0.0,0.0,1.4
2024-01-24 03:00:00,19.8,73.25,0.0,0.0,19.7
2024-01-24 04:00:00,17.9,77.66,0.0,0.0,19.7
2024-01-24 05:00:00,22.3,57.53,0.0,0.0,0.2
2024-01-24 06:00:00,17.9,78.23,0.0,0.0,9.8
2024-01-24 07:00:00,19.1,76.84,0.0,0.0,7.6
2024-01-24 08:00:00,21.3,67.88,0.0,0.0,7.6
2024-01-24 09:00:00,24.3,55.8,0.0,0.0,9.6
2024-01-24 10:00:00,26.1,50.12,0.0,0.0,15.5
2024-01-24 11:00:00,29.2,40.21,0.0,0.0,5.0
2024-01-24 12:00:00,29.6,41.61,0.0,0.0,17.3
2024-01-24 13:00:00,30.2,40.03,0.0,0.0,18.0
2024-01-24 14:00:00,33.2,35.57,0.0,0.0,8.9
2024-01-24 15:00:00,30.7,38.63,0.0,0.0,23.1
2024-01-24 16:00:00,28.9,45.57,0.0,0.0,24.1
2024-01-24 17:00:00,32.6,33.4,0.0,0.0,7.1
2024-01-24 18:00:00,23.9,61.1,0.0,0.0,20.1
2024-01-24 19:00:00,23.0,61.31,0.0,0.0,18.5
2024-01-24 20:00:00,25.0,52.8,0.0,0.0,3.7
2024-01-24 21:00:00,19.9,73.12,0.0,0.0,11.6
2024-01-24 22:00:00,19.8,73.45,0.0,0.0,7.6
2024-01-24 23:00:00,21.0,65.3,0.0,0.0,3.7
2024-01-25 00:00:00,19.8,73.96,0.0,0.0,6.3
2024-01-25 01:00:00,18.1,80.83,0.0,0.0,6.5
2024-01-25 02:00:00,20.6,66.79,0.0,0.0,0.1
2024-01-25 03:00:00,16.9,87.27,0.0,0.0,4.2
2024-01-25 04:00:00,15.9,86.9,0.0,0.0,7.5
2024-01-25 05:00:00,20.9,65.03,0.0,0.0,1.3
2024-01-25 06:00:00,15.7,89.08,0.0,0.0,4.5
2024-01-25 07:00:00,17.9,84.88,0.0,0.0,8.6
2024-01-25 08:00:00,22.7,62.33,0.0,0.0,3.6
2024-01-25 09:00:00,24.1,60.0,0.0,0.0,1.9
2024-01-25 10:00:00,27.2,49.7,0.0,0.0,4.4
2024-01-25 11:00:00,30.8,34.09,0.0,0.0,4.8
2024-01-25 12:00:00,33.0,30.58,0.0,0.0,12.0
2024-01-25 13:00:00,33.7,25.76,0.0,0.0,18.5
2024-01-25 14:00:00,31.0,30.92,0.0,0.0,13.1
2024-01-25 15:00:00,30.8,31.41,0.0,0.0,29.6
2024-01-25 16:00:00,30.5,30.7,0.0,0.0,30.3
2024-01-25 17:00:00,29.9,25.01,0.0,0.0,9.5
2024-01-25 18:00:00,28.4,38.91,0.0,0.0,25.5
2024-01-25 19:00:00,25.3,55.57,0.0,0.0,21.0
2024-01-25 20:00:00,20.5,71.08,0.0,0.0,5.7
2024-01-25 21:00:00,19.8,80.95,0.0,0.0,16.4
2024-01-25 22:00:00,19.8,84.13,0.0,0.0,10.9
2024-01-25 23:00:00,17.8,84.22,0.0,0.0,3.7
2024-01-26 00:00:00,18.0,93.77,0.0,0.0,7.4
2024-01-26 01:00:00,17.8,94.95,0.0,0.0,9.9
2024-01-26 02:00:00,16.7,87.78,0.0,0.0,3.7
2024-01-26 03:00:00,17.3,98.65,0.0,0.0,7.1
2024-01-26 04:00:00,17.6,96.43,0.0,0.0,3.4
2024-01-26 05:00:00,16.7,87.32,0.0,0.0,3.7
2024-01-26 06:00:00,17.1,98.79,0.0,0.0,4.5
2024-01-26 07:00:00,17.0,99.68,0.0,0.0,5.1
2024-01-26 08:00:00,17.6,83.73,0.0,0.0,2.5
2024-01-26 09:00:00,19.2,81.52,0.0,0.0,5.1
2024-01-26 10:00:00,21.7,69.14,0.0,0.0,7.3
2024-01-26 11:00:00,23.8,62.73,0.0,0.0,5.5
2024-01-26 12:00:00,25.0,57.16,0.0,0.0,12.4
2024-01-26 13:00:00,25.8,55.38,0.0,0.0,18.3
2024-01-26 14:00:00,28.3,49.69,0.0,0.0,11.3
2024-01-26 15:00:00,26.0,56.16,0.0,0.0,23.3
2024-01-26 16:00:00,24.8,66.15,0.0,0.0,26.3
2024-01-26 17:00:00,26.4,54.62,0.0,0.0,10.6
2024-01-26 18:00:00,22.9,78.72,0.0,0.0,24.8
2024-01-26 19:00:00,21.9,83.59,0.0,0.0,22.9
2024-01-26 20:00:00,24.4,60.19,0.0,0.0,5.1
2024-01-26 21:00:00,20.9,88.63,0.0,0.0,18.6
2024-01-26 22:00:00,20.7,89.94,0.0,0.0,16.5
2024-01-26 23:00:00,21.6,70.12,0.0,0.0,3.7
2024-01-27 00:00:00,19.1,93.36,0.0,0.0,10.8
2024-01-27 01:00:00,19.0,94.11,0.0,0.0,13.7
2024-01-27 02:00:00,19.4,70.57,0.0,0.0,1.3
2024-01-27 03:00:00,17.9,98.13,0.0,0.0,33.5
2024-01-27 04:00:00,18.0,99.88,0.0,0.0,4.8
2024-01-27 05:00:00,18.3,78.03,0.0,0.0,3.6
2024-01-27 06:00:00,16.9,98.37,0.0,0.0,7.7
2024-01-27 07:00:00,16.9,98.41,0.0,0.0,8.4
2024-01-27 08:00:00,22.6,67.25,0.0,0.0,3.7
2024-01-27 09:00:00,22.2,81.42,0.0,0.0,12.3
2024-01-27 10:00:00,25.0,65.05,0.0,0.0,10.2
2024-01-27 11:00:00,29.1,41.72,0.0,0.0,2.5
2024-01-27 12:00:00,29.0,49.12,0.0,0.0,16.0
2024-01-27 13:00:00,30.1,45.86,0.0,0.0,15.1
2024-01-27 14:00:00,31.7,34.29,0.0,0.0,8.9
2024-01-27 15:00:00,30.4,37.76,0.0,0.0,20.5
2024-01-27 16:00:00,27.7,51.78,0.0,0.0,17.2
2024-01-27 17:00:00,26.4,45.93,0.0,0.0,8.9
2024-01-27 18:00:00,26.5,56.67,0.0,0.0,13.1
2024-01-27 19:00:00,25.5,62.26,0.0,0.0,13.6
2024-01-27 20:00:00,22.7,64.81,0.0,0.0,0.1
2024-01-27 21:00:00,22.9,70.58,0.0,0.0,9.0
2024-01-27 22:00:00,20.9,73.05,0.0,0.0,17.6
2024-01-27 23:00:00,21.8,64.53,0.0,0.0,2.1
2024-01-28 00:00:00,19.2,82.03,0.0,0.0,25.3
2024-01-28 01:00:00,19.0,88.19,0.0,0.0,20.5
2024-01-28 02:00:00,18.2,85.56,0.0,0.0,7.8
2024-01-28 03:00:00,20.0,92.54,0.0,0.0,20.7
2024-01-28 04:00:00,20.5,89.85,0.0,0.0,20.6
2024-01-28 05:00:00,16.9,90.74,0.0,0.0,10.1
2024-01-28 06:00:00,20.1,92.8,0.0,0.0,22.1
2024-01-28 07:00:00,19.9,94.19,0.0,0.0,24.7
2024-01-28 08:00:00,16.7,90.46,0.0,0.0,8.9
2024-01-28 09:00:00,21.7,78.31,0.0,0.0,26.8
2024-01-28 10:00:00,23.0,69.5,0.0,0.0,23.4
2024-01-28 11:00:00,21.4,74.7,0.0,0.0,11.4
2024-01-28 12:00:00,24.4,58.49,0.0,0.0,34.5
2024-01-28 13:00:00,25.1,53.19,0.0,0.0,33.1
2024-01-28 14:00:00,24.3,52.07,0.0,0.0,12.0
2024-01-28 15:00:00,24.9,45.31,0.0,0.0,28.3
2024-01-28 16:00:00,25.8,35.65,0.0,0.0,20.6
2024-01-28 17:00:00,23.9,57.55,0.0,0.0,17.2
2024-01-28 18:00:00,24.5,56.42,0.0,0.0,21.1
2024-01-28 19:00:00,22.8,62.74,0.0,0.0,19.1
2024-01-28 20:00:00,21.6,65.41,0.0,0.0,11.2
2024-01-28 21:00:00,20.9,73.69,0.0,0.0,11.4
2024-01-28 22:00:00,19.9,78.29,0.0,0.0,10.5
2024-01-28 23:00:00,20.9,69.64,0.0,0.0,3.7
2024-01-29 00:00:00,19.0,82.99,0.0,0.0,7.6
2024-01-29 01:00:00,19.9,83.19,0.0,0.0,11.3
2024-01-29 02:00:00,19.2,76.87,0.0,0.0,2.5
2024-01-29 03:00:00,19.0,82.42,0.0,0.0,7.4
2024-01-29 04:00:00,18.0,93.51,0.0,0.0,14.1
2024-01-29 05:00:00,17.8,85.89,0.0,0.0,3.8
2024-01-29 06:00:00,17.7,95.46,0.0,0.0,19.2
2024-01-29 07:00:00,18.1,93.05,0.0,0.0,20.0
2024-01-29 08:00:00,16.2,91.6,0.0,0.0,4.6
2024-01-29 09:00:00,21.5,69.43,0.0,0.0,31.8
2024-01-29 10:00:00,23.7,57.53,0.0,0.0,34.3
2024-01-29 11:00:00,22.1,64.17,0.0,0.0,10.4
2024-01-29 12:00:00,25.1,52.34,0.0,0.0,41.3
2024-01-29 13:00:00,25.1,46.29,0.0,0.0,49.6
2024-01-29 14:00:00,23.6,50.44,0.0,0.0,15.6
2024-01-29 15:00:00,25.1,50.15,0.0,0.0,48.7
2024-01-29 16:00:00,24.9,49.77,0.0,0.0,51.3
2024-01-29 17:00:00,20.6,69.91,0.0,0.0,11.7
2024-01-29 18:00:00,22.1,65.12,0.0,0.0,48.1
2024-01-29 19:00:00,21.8,69.9,0.0,0.0,37.3
2024-01-29 20:00:00,19.2,81.11,0.0,0.0,7.6
2024-01-29 21:00:00,20.0,85.53,0.0,0.0,22.3
2024-01-29 22:00:00,19.9,87.98,0.0,0.0,15.8
2024-01-29 23:00:00,18.1,83.22,0.0,0.0,12.9
2024-01-30 00:00:00,19.8,87.6,0.0,0.0,13.9
2024-01-30 01:00:00,19.1,87.64,0.0,0.0,17.1
2024-01-30 02:00:00,18.1,85.5,0.0,0.0,8.8
2024-01-30 03:00:00,19.7,84.47,0.0,0.0,13.3
2024-01-30 04:00:00,18.8,87.62,0.0,0.0,10.7
2024-01-30 05:00:00,18.0,83.65,0.0,0.0,3.7
2024-01-30 06:00:00,18.0,92.25,0.0,0.0,7.9
2024-01-30 07:00:00,18.3,91.4,0.0,0.0,8.2
2024-01-30 08:00:00,18.7,81.87,0.002,0.0,2.5
2024-01-30 09:00:00,22.7,69.95,0.0,0.0,3.6
2024-01-30 10:00:00,23.8,61.82,0.0,0.0,7.4
2024-01-30 11:00:00,24.7,60.34,0.0,0.0,6.9
2024-01-30 12:00:00,25.1,60.25,0.0,0.0,14.9
2024-01-30 13:00:00,24.9,58.07,0.0,0.0,14.9
2024-01-30 14:00:00,27.3,52.23,0.0,0.0,7.6
2024-01-30 15:00:00,25.4,56.55,0.0,0.0,17.4
2024-01-30 16:00:00,24.6,59.36,0.0,0.0,26.3
2024-01-30 17:00:00,26.2,54.0,0.0,0.0,5.3
2024-01-30 18:00:00,23.0,64.98,0.0,0.0,30.2
2024-01-30 19:00:00,23.4,61.53,0.0,0.0,27.5
2024-01-30 20:00:00,24.4,56.47,0.0,0.0,6.2
2024-01-30 21:00:00,20.0,82.32,0.0,0.0,19.5
2024-01-30 22:00:00,19.1,86.66,0.0,0.0,17.0
2024-01-30 23:00:00,21.5,68.28,0.0,0.0,1.9
2024-01-31 00:00:00,19.9,79.04,0.0,0.0,16.4
2024-01-31 01:00:00,18.9,82.83,0.0,0.0,13.0
2024-01-31 02:00:00,20.2,72.46,0.0,0.0,1.3
2024-01-31 03:00:00,17.2,90.78,0.0,0.0,7.5
2024-01-31 04:00:00,18.3,86.27,0.0,0.0,4.2
2024-01-31 05:00:00,19.6,75.54,0.0,0.0,2.4
2024-01-31 06:00:00,18.2,86.25,0.0,0.0,6.6
2024-01-31 07:00:00,19.0,82.7,0.0,0.0,7.7
2024-01-31 08:00:00,22.3,65.31,0.0,0.0,7.6
2024-01-31 09:00:00,22.8,66.12,0.0,0.0,20.8
2024-01-31 10:00:00,23.7,64.58,0.0,0.0,21.5
2024-01-31 11:00:00,25.2,59.25,0.0,0.0,10.1
2024-01-31 12:00:00,24.9,57.05,0.0,0.0,23.0
2024-01-31 13:00:00,26.0,50.73,0.0,0.0,19.9
2024-01-31 14:00:00,30.2,32.37,0.0,0.0,12.7
2024-01-31 15:00:00,25.2,65.6,0.0,0.0,29.8
2024-01-31 16:00:00,23.9,73.95,0.0,0.0,32.7
2024-01-31 17:00:00,26.7,55.44,0.0,0.0,15.1
2024-01-31 18:00:00,22.5,75.6,0.0,0.0,38.5
2024-01-31 19:00:00,21.7,79.39,0.0,0.0,34.5
2024-01-31 20:00:00,23.3,60.6,0.0,0.0,15.8
2024-01-31 21:00:00,20.9,83.11,0.0,0.0,32.0
2024-01-31 22:00:00,20.7,78.99,0.0,0.0,31.0
2024-01-31 23:00:00,23.0,62.55,0.0,0.0,28.3
2024-02-01 00:00:00,20.9,74.16,0.0,0.0,31.2
2024-02-01 01:00:00,21.8,69.86,0.0,0.0,34.2
2024-02-01 02:00:00,24.3,43.21,0.0,0.0,22.3
2024-02-01 03:00:00,21.8,70.12,0.0,0.0,34.8
2024-02-01 04:00:00,21.8,72.91,0.0,0.0,36.8
2024-02-01 05:00:00,25.5,52.35,0.0,0.0,20.4
2024-02-01 06:00:00,21.7,76.2,0.0,0.0,24.0
2024-02-01 07:00:00,22.7,70.45,0.0,0.0,18.8
2024-02-01 08:00:00,26.4,52.99,0.0,0.0,18.5
2024-02-01 09:00:00,25.6,59.47,0.0,0.0,16.3
2024-02-01 10:00:00,29.2,48.46,0.0,0.0,20.9
2024-02-01 11:00:00,31.9,37.22,0.0,0.0,12.8
2024-02-01 12:00:00,30.9,45.95,0.0,0.0,33.2
2024-02-01 13:00:00,30.2,48.56,0.0,0.0,27.2
2024-02-01 14:00:00,35.9,31.25,0.0,0.0,10.6
2024-02-01 15:00:00,27.2,60.05,0.0,0.0,28.1
2024-02-01 16:00:00,27.3,59.69,0.0,0.0,29.3
2024-02-01 17:00:00,34.0,35.8,0.0,0.0,11.9
2024-02-01 18:00:00,25.5,66.45,0.0,0.0,26.9
2024-02-01 19:00:00,22.9,75.22,0.0,0.0,27.4
2024-02-01 20:00:00,32.0,42.97,0.0,0.0,16.8
2024-02-01 21:00:00,20.9,83.93,0.0,0.0,25.3
2024-02-01 22:00:00,20.9,84.72,0.0,0.0,24.1
2024-02-01 23:00:00,28.9,49.65,0.0,0.0,1.5
2024-02-02 00:00:00,19.9,88.86,0.0,0.0,16.1
2024-02-02 01:00:00,19.0,94.27,0.0,0.0,20.4
2024-02-02 02:00:00,25.6,61.97,0.0,0.0,0.5
2024-02-02 03:00:00,18.2,94.16,0.0,0.0,21.1
2024-02-02 04:00:00,18.3,93.62,0.0,0.0,16.4
2024-02-02 05:00:00,23.3,69.28,0.0,0.0,0.3
2024-02-02 06:00:00,18.1,94.19,0.0,0.0,13.0
2024-02-02 07:00:00,18.2,95.07,0.0,0.0,14.4
2024-02-02 08:00:00,27.2,60.85,0.0,0.0,3.7
2024-02-02 09:00:00,24.0,73.93,0.0,0.0,11.8
2024-02-02 10:00:00,25.8,62.82,0.0,0.0,8.9
2024-02-02 11:00:00,32.3,45.61,0.0,0.0,3.7
2024-02-02 12:00:00,29.2,53.14,0.0,0.0,15.9
2024-02-02 13:00:00,26.5,63.35,0.0,0.0,21.4
2024-02-02 14:00:00,33.9,38.64,0.0,0.0,13.8
2024-02-02 15:00:00,26.7,65.46,0.0,0.0,28.1
2024-02-02 16:00:00,26.2,66.2,0.0,0.0,27.4
2024-02-02 17:00:00,31.7,46.1,0.0,0.0,14.4
2024-02-02 18:00:00,23.7,75.84,0.0,0.0,25.3
2024-02-02 19:00:00,21.9,85.04,0.0,0.0,25.3
2024-02-02 20:00:00,27.4,54.93,0.0,0.0,2.1
2024-02-02 21:00:00,19.8,94.73,0.0,0.0,25.8
2024-02-02 22:00:00,19.0,99.8,0.0,0.0,27.1
2024-02-02 23:00:00,22.4,73.45,0.0,0.0,3.7
2024-02-03 00:00:00,19.0,99.84,0.0,0.0,18.5
2024-02-03 01:00:00,18.8,95.39,0.0,0.0,12.6
2024-02-03 02:00:00,22.3,73.24,0.0,0.0,1.4
2024-02-03 03:00:00,18.2,95.08,0.0,0.0,14.4
2024-02-03 04:00:00,18.8,94.8,0.0,0.0,15.7
2024-02-03 05:00:00,21.6,76.22,0.0,0.0,3.7
2024-02-03 06:00:00,18.2,97.78,0.0,0.0,19.9
2024-02-03 07:00:00,18.7,95.13,0.0,0.0,15.2
2024-02-03 08:00:00,22.6,78.43,0.666,0.0,1.3
2024-02-03 09:00:00,20.4,89.69,0.0,0.0,13.1
2024-02-03 10:00:00,22.8,79.5,0.0,0.0,15.8
2024-02-03 11:00:00,30.4,52.9,0.0,0.0,1.5
2024-02-03 12:00:00,27.0,62.02,0.0,0.0,19.1
2024-02-03 13:00:00,29.5,53.26,0.0,0.0,18.9
2024-02-03 14:00:00,32.2,40.72,0.0,0.0,2.0
2024-02-03 15:00:00,28.1,58.04,0.0,0.0,23.7
2024-02-03 16:00:00,27.7,59.3,0.0,0.0,24.2
2024-02-03 17:00:00,30.8,44.75,0.0,0.0,7.7
2024-02-03 18:00:00,28.6,59.47,0.0,0.0,23.7
2024-02-03 19:00:00,28.7,56.41,0.0,0.0,24.9
2024-02-03 20:00:00,27.1,57.22,0.0,0.0,5.1
2024-02-03 21:00:00,25.6,69.66,0.0,0.0,18.5
2024-02-03 22:00:00,25.1,69.78,0.0,0.0,18.7
2024-02-03 23:00:00,27.6,57.69,0.0,0.0,6.0
2024-02-04 00:00:00,24.7,71.79,0.0,0.0,18.0
2024-02-04 01:00:00,23.8,69.87,0.0,0.0,11.9
2024-02-04 02:00:00,23.2,68.94,0.0,0.0,2.0
2024-02-04 03:00:00,20.6,81.86,0.0,0.0,17.7
2024-02-04 04:00:00,18.9,88.71,0.0,0.0,17.7
2024-02-04 05:00:00,19.9,80.22,0.0,0.0,5.0
2024-02-04 06:00:00,19.6,87.21,0.0,0.0,14.4
2024-02-04 07:00:00,18.2,97.28,0.0,0.0,16.0
2024-02-04 08:00:00,19.6,81.19,0.0,0.0,3.8
2024-02-04 09:00:00,21.7,79.25,0.0,0.0,23.5
2024-02-04 10:00:00,23.9,68.58,0.0,0.0,19.3
2024-02-04 11:00:00,24.0,65.3,0.0,0.0,7.7
2024-02-04 12:00:00,25.9,61.72,0.0,0.0,23.1
2024-02-04 13:00:00,26.6,56.3,0.0,0.0,25.8
2024-02-04 14:00:00,26.6,56.92,0.0,0.0,14.3
2024-02-04 15:00:00,26.9,57.3,0.0,0.0,31.1
2024-02-04 16:00:00,26.8,58.16,0.0,0.0,25.6
2024-02-04 17:00:00,26.6,60.38,0.0,0.0,9.0
2024-02-04 18:00:00,23.3,80.09,0.0,0.0,23.1
2024-02-04 19:00:00,22.2,85.71,0.0,0.0,17.5
2024-02-04 20:00:00,21.7,80.88,0.0,0.0,5.6
2024-02-04 21:00:00,20.1,93.59,0.0,0.0,12.4
2024-02-04 22:00:00,20.2,92.92,0.0,0.0,10.6
2024-02-04 23:00:00,20.1,84.62,0.0,0.0,0.2
2024-02-05 00:00:00,20.8,85.47,0.0,0.0,5.8
2024-02-05 01:00:00,20.7,85.34,0.0,0.0,3.6
2024-02-05 02:00:00,22.1,78.16,0.0,0.0,1.2
2024-02-05 03:00:00,21.1,84.07,0.0,0.0,5.1
2024-02-05 04:00:00,21.7,84.33,0.0,0.0,15.6
2024-02-05 05:00:00,21.2,81.47,0.0,0.0,5.1
2024-02-05 06:00:00,21.1,86.11,0.0,0.0,17.6
2024-02-05 07:00:00,22.6,74.96,0.0,0.0,23.1
2024-02-05 08:00:00,20.8,80.39,0.0,0.0,5.1
2024-02-05 09:00:00,24.6,66.66,0.0,0.0,22.7
2024-02-05 10:00:00,24.9,62.26,0.0,0.0,25.2
2024-02-05 11:00:00,22.8,78.26,0.0,0.0,7.7
2024-02-05 12:00:00,25.9,68.36,0.0,0.0,27.0
2024-02-05 13:00:00,26.6,62.75,0.0,0.0,28.4
2024-02-05 14:00:00,25.6,64.06,0.0,0.0,11.4
2024-02-05 15:00:00,27.2,57.98,0.0,0.0,29.2
2024-02-05 16:00:00,27.6,56.51,0.0,0.0,28.1
2024-02-05 17:00:00,24.3,69.02,0.0,0.0,13.1
2024-02-05 18:00:00,26.7,55.72,0.0,0.0,18.7
2024-02-05 19:00:00,21.1,88.91,0.0,0.0,27.7
2024-02-05 20:00:00,22.3,76.16,0.0,0.0,14.0
2024-02-05 21:00:00,22.6,76.14,0.0,0.0,7.1
2024-02-05 22:00:00,21.0,87.42,0.0,0.0,7.1
2024-02-05 23:00:00,21.7,77.24,0.0,0.0,5.1
2024-02-06 00:00:00,19.9,89.27,0.0,0.0,4.7
2024-02-06 01:00:00,20.9,88.66,0.0,0.0,3.8
2024-02-06 02:00:00,19.2,84.92,0.0,0.0,1.2
2024-02-06 03:00:00,20.7,94.37,0.0,0.0,13.1
2024-02-06 04:00:00,20.1,94.48,0.0,0.0,11.3
2024-02-06 05:00:00,19.3,87.15,0.0,0.0,5.5
2024-02-06 06:00:00,20.0,93.26,0.0,0.0,12.2
2024-02-06 07:00:00,20.5,90.59,0.0,0.0,12.3
2024-02-06 08:00:00,19.1,87.3,0.0,0.0,4.4
2024-02-06 09:00:00,21.4,86.18,0.0,0.0,22.6
2024-02-06 10:00:00,22.0,78.37,0.0,0.0,24.1
2024-02-06 11:00:00,23.4,62.32,0.0,0.0,10.2
2024-02-06 12:00:00,24.5,58.79,0.0,0.0,32.1
2024-02-06 13:00:00,24.6,55.85,0.0,0.0,40.5
2024-02-06 14:00:00,23.8,67.48,0.0,0.0,12.7
2024-02-06 15:00:00,24.8,57.96,0.0,0.0,37.7
2024-02-06 16:00:00,23.9,64.84,0.0,0.0,36.9
2024-02-06 17:00:00,21.4,76.76,0.0,0.0,12.7
2024-02-06 18:00:00,22.8,69.71,0.0,0.0,28.5
2024-02-06 19:00:00,21.8,79.12,0.0,0.0,29.8
2024-02-06 20:00:00,18.3,86.36,0.466,0.0,11.3
2024-02-06 21:00:00,19.8,89.36,0.0,0.0,19.4
2024-02-06 22:00:00,19.8,89.53,0.0,0.0,23.8
2024-02-06 23:00:00,17.3,89.74,0.0,0.0,9.6
2024-02-07 00:00:00,19.3,91.68,0.0,0.0,22.3
2024-02-07 01:00:00,19.9,88.61,0.0,0.0,21.2
2024-02-07 02:00:00,17.5,88.24,0.0,0.0,5.7
2024-02-07 03:00:00,19.0,88.91,0.0,0.0,22.1
2024-02-07 04:00:00,18.9,88.84,0.0,0.0,23.2
2024-02-07 05:00:00,17.5,86.22,0.0,0.0,4.5
2024-02-07 06:00:00,18.8,88.27,0.0,0.0,19.6
2024-02-07 07:00:00,19.0,88.81,0.0,0.0,18.8
2024-02-07 08:00:00,17.8,86.21,0.0,0.0,2.1
2024-02-07 09:00:00,21.0,77.82,0.0,0.0,22.4
2024-02-07 10:00:00,21.5,74.1,0.0,0.0,24.1
2024-02-07 11:00:00,21.7,73.65,0.0,0.0,9.7
2024-02-07 12:00:00,24.1,60.06,0.0,0.0,28.4
2024-02-07 13:00:00,24.0,60.94,0.0,0.0,28.1
2024-02-07 14:00:00,23.1,65.98,0.133,0.0,15.6
2024-02-07 15:00:00,24.8,58.08,0.0,0.0,29.8
2024-02-07 16:00:00,24.8,57.86,0.0,0.0,24.8
2024-02-07 17:00:00,22.1,66.24,0.0,0.0,11.9
2024-02-07 18:00:00,23.6,61.06,0.0,0.0,28.3
2024-02-07 19:00:00,21.9,69.5,0.0,0.0,17.3
2024-02-07 20:00:00,20.0,78.31,0.0,0.0,7.6
2024-02-07 21:00:00,20.8,74.18,0.0,0.0,12.4
2024-02-07 22:00:00,20.9,73.14,0.0,0.0,10.3
2024-02-07 23:00:00,20.0,72.3,0.0,0.0,9.9
2024-02-08 00:00:00,19.9,78.37,0.0,0.0,5.8
2024-02-08 01:00:00,20.6,71.59,0.0,0.0,13.2
2024-02-08 02:00:00,19.9,65.18,0.0,0.0,10.5
2024-02-08 03:00:00,19.9,72.98,0.0,0.0,4.1
2024-02-08 04:00:00,19.9,68.8,0.0,0.0,9.5
2024-02-08 05:00:00,19.4,65.96,0.0,0.0,9.9
2024-02-08 06:00:00,18.9,72.81,0.0,0.0,7.8
2024-02-08 07:00:00,17.3,77.06,0.0,0.0,6.8
2024-02-08 08:00:00,20.4,55.93,0.0,0.0,4.2
2024-02-08 09:00:00,21.2,54.71,0.0,0.0,10.0
2024-02-08 10:00:00,21.9,50.07,0.0,0.0,3.8
2024-02-08 11:00:00,23.0,42.98,0.0,0.0,9.3
2024-02-08 12:00:00,23.9,41.88,0.0,0.0,14.4
2024-02-08 13:00:00,24.9,42.28,0.0,0.0,16.2
2024-02-08 14:00:00,22.7,52.32,0.0,0.0,18.3
2024-02-08 15:00:00,23.7,48.73,0.0,0.0,20.9
2024-02-08 16:00:00,24.8,44.66,0.0,0.0,17.5
2024-02-08 17:00:00,22.5,54.65,0.0,0.0,21.7
2024-02-08 18:00:00,23.1,53.82,0.0,0.0,26.2
2024-02-08 19:00:00,21.7,61.3,0.0,0.0,24.6
2024-02-08 20:00:00,20.5,59.16,0.0,0.0,11.3
2024-02-08 21:00:00,19.6,73.4,0.0,0.0,16.1
2024-02-08 22:00:00,19.2,73.56,0.0,0.0,14.1
2024-02-08 23:00:00,19.5,62.99,0.0,0.0,1.3
2024-02-09 00:00:00,17.0,82.4,0.0,0.0,9.7
2024-02-09 01:00:00,16.9,83.19,0.0,0.0,5.1
2024-02-09 02:00:00,18.2,67.55,0.0,0.0,1.3
2024-02-09 03:00:00,16.9,80.62,0.0,0.0,3.5
2024-02-09 04:00:00,16.0,85.48,0.0,0.0,3.6
2024-02-09 05:00:00,17.8,74.57,0.0,0.0,0.1
2024-02-09 06:00:00,15.2,86.29,0.0,0.0,1.9
2024-02-09 07:00:00,16.3,86.23,0.0,0.0,2.8
2024-02-09 08:00:00,19.0,71.11,0.001,0.0,1.3
2024-02-09 09:00:00,18.1,74.3,0.0,0.0,6.0
2024-02-09 10:00:00,21.0,63.46,0.0,0.0,7.6
2024-02-09 11:00:00,21.3,57.07,0.0,0.0,11.8
2024-02-09 12:00:00,22.6,50.42,0.0,0.0,15.6
2024-02-09 13:00:00,22.2,52.21,0.0,0.0,16.1
2024-02-09 14:00:00,22.1,47.98,0.0,0.0,14.7
2024-02-09 15:00:00,23.9,42.47,0.0,0.0,21.5
2024-02-09 16:00:00,23.6,44.37,0.0,0.0,20.5
2024-02-09 17:00:00,21.7,53.41,0.0,0.0,13.6
2024-02-09 18:00:00,21.7,57.32,0.0,0.0,22.3
2024-02-09 19:00:00,20.9,63.83,0.0,0.0,23.2
2024-02-09 20:00:00,20.3,61.89,0.001,0.0,3.8
2024-02-09 21:00:00,20.0,68.38,0.0,0.0,14.8
2024-02-09 22:00:00,20.1,68.16,0.0,0.0,17.4
2024-02-09 23:00:00,20.0,61.9,0.0,0.0,5.0
2024-02-10 00:00:00,19.0,72.76,0.0,0.0,18.4
2024-02-10 01:00:00,18.0,77.46,0.0,0.0,11.2
2024-02-10 02:00:00,19.3,63.98,0.0,0.0,9.1
2024-02-10 03:00:00,18.0,72.58,0.0,0.0,14.8
2024-02-10 04:00:00,18.0,67.97,0.0,0.0,14.8
2024-02-10 05:00:00,18.8,60.47,0.0,0.0,8.8
2024-02-10 06:00:00,15.0,82.26,0.0,0.0,7.6
2024-02-10 07:00:00,16.2,81.01,0.0,0.0,11.2
2024-02-10 08:00:00,20.0,58.32,0.0,0.0,11.2
2024-02-10 09:00:00,21.1,57.41,0.0,0.0,20.5
2024-02-10 10:00:00,22.2,53.1,0.0,0.0,25.9
2024-02-10 11:00:00,23.6,42.8,0.0,0.0,13.2
2024-02-10 12:00:00,23.7,44.09,0.0,0.0,29.5
2024-02-10 13:00:00,23.9,45.06,0.0,0.0,35.3
2024-02-10 14:00:00,24.4,39.16,0.0,0.0,10.8
2024-02-10 15:00:00,24.1,47.03,0.0,0.0,42.5
2024-02-10 16:00:00,24.0,50.2,0.0,0.0,42.5
2024-02-10 17:00:00,23.0,45.93,0.0,0.0,18.3
2024-02-10 18:00:00,22.0,56.66,0.0,0.0,46.4
2024-02-10 19:00:00,21.1,60.25,0.0,0.0,41.5
2024-02-10 20:00:00,20.6,52.93,0.0,0.0,22.9
2024-02-10 21:00:00,20.0,68.38,0.0,0.0,29.5
2024-02-10 22:00:00,20.1,64.52,0.0,0.0,29.6
2024-02-10 23:00:00,20.6,57.52,0.0,0.0,15.0
2024-02-11 00:00:00,19.2,67.74,0.0,0.0,34.3
2024-02-11 01:00:00,19.1,73.24,0.0,0.0,27.0
2024-02-11 02:00:00,20.3,54.26,0.0,0.0,4.6
2024-02-11 03:00:00,18.2,71.87,0.0,0.0,26.0
2024-02-11 04:00:00,17.9,72.07,0.0,0.0,13.7
2024-02-11 05:00:00,19.1,58.74,0.0,0.0,1.4
2024-02-11 06:00:00,15.0,82.26,0.0,0.0,3.6
2024-02-11 07:00:00,18.1,67.98,0.0,0.0,8.5
2024-02-11 08:00:00,23.1,45.0,0.0,0.0,1.4
2024-02-11 09:00:00,23.0,49.94,0.0,0.0,16.6
2024-02-11 10:00:00,24.3,46.29,0.0,0.0,12.0
2024-02-11 11:00:00,29.7,30.05,0.0,0.0,1.4
2024-02-11 12:00:00,29.2,30.7,0.0,0.0,12.1
2024-02-11 13:00:00,31.0,26.85,0.0,0.0,14.8
2024-02-11 14:00:00,33.8,20.45,0.0,0.0,8.6
2024-02-11 15:00:00,30.6,34.38,0.0,0.0,24.1
2024-02-11 16:00:00,29.9,38.28,0.0,0.0,25.1
2024-02-11 17:00:00,34.3,22.02,0.0,0.0,8.9
2024-02-11 18:00:00,25.9,57.61,0.0,0.0,24.1
2024-02-11 19:00:00,24.1,64.3,0.0,0.0,20.5
2024-02-11 20:00:00,28.9,34.84,0.0,0.0,3.2
2024-02-11 21:00:00,22.1,72.57,0.0,0.0,18.6
2024-02-11 22:00:00,22.0,71.9,0.0,0.0,19.8
2024-02-11 23:00:00,27.6,33.07,0.0,0.0,7.4
2024-02-12 00:00:00,21.0,73.36,0.0,0.0,11.2
2024-02-12 01:00:00,20.9,73.59,0.0,0.0,13.0
2024-02-12 02:00:00,22.7,48.71,0.0,0.0,1.2
2024-02-12 03:00:00,18.6,79.69,0.0,0.0,4.5
2024-02-12 04:00:00,18.2,82.1,0.0,0.0,4.5
2024-02-12 05:00:00,21.1,51.87,0.0,0.0,0.1
2024-02-12 06:00:00,17.9,82.62,0.0,0.0,7.6
2024-02-12 07:00:00,18.1,82.36,0.0,0.0,6.5
2024-02-12 08:00:00,22.7,63.79,0.0,0.0,1.3
2024-02-12 09:00:00,24.3,56.27,0.0,0.0,10.2
2024-02-12 10:00:00,25.7,51.69,0.0,0.0,10.2
2024-02-12 11:00:00,28.2,43.07,0.0,0.0,5.0
2024-02-12 12:00:00,29.5,41.83,0.0,0.0,15.6
2024-02-12 13:00:00,29.5,40.57,0.0,0.0,9.4
2024-02-12 14:00:00,31.5,34.46,0.0,0.0,7.4
2024-02-12 15:00:00,27.0,61.61,0.0,0.0,20.5
2024-02-12 16:00:00,26.5,63.36,0.0,0.0,24.1
2024-02-12 17:00:00,29.1,49.72,0.0,0.0,7.5
2024-02-12 18:00:00,24.0,69.16,0.0,0.0,31.7
2024-02-12 19:00:00,22.1,77.81,0.0,0.0,26.8
2024-02-12 20:00:00,23.7,60.62,0.0,0.0,2.1
2024-02-12 21:00:00,21.0,77.92,0.0,0.0,20.5
2024-02-12 22:00:00,20.8,79.19,0.0,0.0,20.4
2024-02-12 23:00:00,20.8,72.48,0.0,0.0,5.0
2024-02-13 00:00:00,21.7,74.47,0.0,0.0,18.4
2024-02-13 01:00:00,21.0,82.99,0.0,0.0,16.6
2024-02-13 02:00:00,19.7,77.08,0.0,0.0,1.3
2024-02-13 03:00:00,20.0,88.27,0.0,0.0,13.0
2024-02-13 04:00:00,20.0,88.27,0.0,0.0,9.4
2024-02-13 05:00:00,18.9,79.56,0.0,0.0,1.2
2024-02-13 06:00:00,17.0,93.84,0.0,0.0,7.6
2024-02-13 07:00:00,18.3,89.93,0.0,0.0,3.7
2024-02-13 08:00:00,20.0,78.2,0.0,0.0,1.2
2024-02-13 09:00:00,20.2,82.33,0.0,0.0,7.3
2024-02-13 10:00:00,24.0,64.93,0.0,0.0,7.6
2024-02-13 11:00:00,23.4,69.19,0.0,0.0,8.7
2024-02-13 12:00:00,24.9,62.16,0.0,0.0,15.6
2024-02-13 13:00:00,26.5,56.23,0.0,0.0,14.8
2024-02-13 14:00:00,25.1,60.95,0.0,0.0,16.0
2024-02-13 15:00:00,26.0,57.63,0.0,0.0,18.4
2024-02-13 16:00:00,26.3,56.2,0.0,0.0,21.5
2024-02-13 17:00:00,23.6,59.46,0.0,0.0,17.2
2024-02-13 18:00:00,25.0,53.83,0.0,0.0,22.3
2024-02-13 19:00:00,23.0,60.91,0.0,0.0,25.0
2024-02-13 20:00:00,21.3,64.95,0.0,0.0,11.3
2024-02-13 21:00:00,21.1,71.91,0.0,0.0,18.6
2024-02-13 22:00:00,20.1,77.77,0.0,0.0,14.8
2024-02-13 23:00:00,20.3,69.82,0.0,0.0,0.2
2024-02-14 00:00:00,19.0,87.6,0.0,0.0,11.2
2024-02-14 01:00:00,19.0,87.6,0.0,0.0,11.2
2024-02-14 02:00:00,18.8,75.04,0.0,0.0,0.2
2024-02-14 03:00:00,19.0,88.19,0.0,0.0,9.4
2024-02-14 04:00:00,19.0,88.19,0.0,0.0,11.2
2024-02-14 05:00:00,18.6,75.52,0.0,0.0,0.1
2024-02-14 06:00:00,18.3,91.74,0.0,0.0,5.4
2024-02-14 07:00:00,20.0,88.27,0.0,0.0,11.2
2024-02-14 08:00:00,20.4,74.37,0.0,0.0,1.4
2024-02-14 09:00:00,22.8,73.43,0.0,0.0,13.0
2024-02-14 10:00:00,24.0,66.68,0.0,0.0,20.4
2024-02-14 11:00:00,23.3,66.76,0.0,0.0,3.9
2024-02-14 12:00:00,24.8,65.1,0.0,0.0,25.1
2024-02-14 13:00:00,24.6,59.26,0.0,0.0,27.7
2024-02-14 14:00:00,25.1,53.93,0.0,0.0,14.5
2024-02-14 15:00:00,25.0,50.46,0.0,0.0,27.7
2024-02-14 16:00:00,25.0,47.28,0.0,0.0,29.5
2024-02-14 17:00:00,25.8,46.39,0.0,0.0,13.2
2024-02-14 18:00:00,23.0,56.91,0.0,0.0,27.7
2024-02-14 19:00:00,21.9,65.14,0.0,0.0,28.7
2024-02-14 20:00:00,22.3,50.62,0.0,0.0,9.0
2024-02-14 21:00:00,20.0,72.94,0.0,0.0,22.3
2024-02-14 22:00:00,20.0,72.94,0.0,0.0,16.6
2024-02-14 23:00:00,20.3,62.76,0.0,0.0,6.4
2024-02-15 00:00:00,19.8,72.9,0.0,0.0,7.6
2024-02-15 01:00:00,19.6,72.87,0.0,0.0,9.4
2024-02-15 02:00:00,19.9,66.14,0.0,0.0,7.2
2024-02-15 03:00:00,18.9,73.99,0.0,0.0,7.6
2024-02-15 04:00:00,19.0,72.76,0.0,0.0,4.5
2024-02-15 05:00:00,18.7,71.09,0.0,0.0,4.9
2024-02-15 06:00:00,16.9,90.11,0.0,0.0,8.4
2024-02-15 07:00:00,17.1,89.21,0.0,0.0,6.5
2024-02-15 08:00:00,18.3,65.98,2.65,0.0,10.6
2024-02-15 09:00:00,19.2,68.91,0.0,0.0,16.6
2024-02-15 10:00:00,20.9,61.67,0.0,0.0,26.9
2024-02-15 11:00:00,20.5,53.73,0.0,0.0,19.2
2024-02-15 12:00:00,20.1,50.74,0.0,0.0,23.2
2024-02-15 13:00:00,20.5,52.51,0.0,0.0,26.8
2024-02-15 14:00:00,21.6,48.03,0.267,0.0,17.3
2024-02-15 15:00:00,21.0,46.19,0.0,0.0,31.7
2024-02-15 16:00:00,21.0,46.19,0.0,0.0,25.9
2024-02-15 17:00:00,21.6,45.73,0.0,0.0,14.3
2024-02-15 18:00:00,20.0,49.13,0.0,0.0,24.1
2024-02-15 19:00:00,20.0,56.16,0.0,0.0,24.1
2024-02-15 20:00:00,19.0,59.76,0.0,0.0,22.3
2024-02-15 21:00:00,16.9,74.21,0.0,0.0,22.4
2024-02-15 22:00:00,17.7,68.4,0.0,0.0,21.3
2024-02-15 23:00:00,17.0,72.4,0.0,0.0,18.4
2024-02-16 00:00:00,17.7,70.46,0.0,0.0,20.4
2024-02-16 01:00:00,17.7,68.15,0.0,0.0,12.6
2024-02-16 02:00:00,17.7,56.82,0.263,0.0,9.3
2024-02-16 03:00:00,16.4,76.14,0.0,0.0,12.8
2024-02-16 04:00:00,16.6,73.76,0.0,0.0,19.6
2024-02-16 05:00:00,16.8,57.97,0.0,0.0,9.3
2024-02-16 06:00:00,15.8,77.64,0.0,0.0,18.6
2024-02-16 07:00:00,16.1,80.56,0.0,0.0,11.9
2024-02-16 08:00:00,17.0,66.33,3.072,0.0,8.7
2024-02-16 09:00:00,17.2,81.53,0.0,0.0,3.6
2024-02-16 10:00:00,18.3,70.93,0.0,0.0,13.5
2024-02-16 11:00:00,19.3,60.26,0.0,0.0,7.7
2024-02-16 12:00:00,20.6,58.83,0.0,0.0,19.6
2024-02-16 13:00:00,21.3,55.25,0.0,0.0,19.6
2024-02-16 14:00:00,21.1,52.07,0.199,0.0,13.1
2024-02-16 15:00:00,21.8,52.05,0.0,0.0,22.7
2024-02-16 16:00:00,22.0,49.64,0.0,0.0,28.0
2024-02-16 17:00:00,20.8,47.67,0.0,0.0,10.1
2024-02-16 18:00:00,20.7,46.51,0.0,0.0,25.5
2024-02-16 19:00:00,20.0,52.6,0.0,0.0,24.5
2024-02-16 20:00:00,18.8,50.8,0.0,0.0,17.2
2024-02-16 21:00:00,18.1,56.88,0.0,0.0,19.6
2024-02-16 22:00:00,16.8,64.35,0.0,0.0,16.8
2024-02-16 23:00:00,18.4,50.88,0.0,0.0,8.9
2024-02-17 00:00:00,15.2,70.93,0.0,0.0,9.1
2024-02-17 01:00:00,14.9,71.95,0.0,0.0,9.0
2024-02-17 02:00:00,17.8,56.39,0.0,0.0,7.3
2024-02-17 03:00:00,13.3,77.45,0.0,0.0,9.1
2024-02-17 04:00:00,15.1,75.21,0.0,0.0,8.3
2024-02-17 05:00:00,17.8,59.87,0.0,0.0,8.7
2024-02-17 06:00:00,14.9,77.78,0.0,0.0,6.2
2024-02-17 07:00:00,15.2,76.32,0.0,0.0,1.9
2024-02-17 08:00:00,19.3,51.37,0.0,0.0,6.6
2024-02-17 09:00:00,18.1,65.58,0.0,0.0,7.1
2024-02-17 10:00:00,20.4,54.02,0.0,0.0,16.2
2024-02-17 11:00:00,21.6,47.53,0.0,0.0,7.4
2024-02-17 12:00:00,22.8,43.15,0.0,0.0,22.2
2024-02-17 13:00:00,23.8,42.92,0.0,0.0,30.1
2024-02-17 14:00:00,24.2,37.96,0.0,0.0,12.1
2024-02-17 15:00:00,23.9,40.13,0.0,0.0,32.7
2024-02-17 16:00:00,23.0,42.48,0.0,0.0,36.8
2024-02-17 17:00:00,23.2,38.42,0.0,0.0,16.8
2024-02-17 18:00:00,22.0,50.55,0.0,0.0,34.5
2024-02-17 19:00:00,20.6,57.22,0.0,0.0,38.6
2024-02-17 20:00:00,20.4,49.38,0.0,0.0,15.6
2024-02-17 21:00:00,19.1,67.96,0.0,0.0,33.0
2024-02-17 22:00:00,19.1,67.98,0.0,0.0,31.5
2024-02-17 23:00:00,19.8,59.6,0.0,0.0,18.0
2024-02-18 00:00:00,18.8,64.14,0.0,0.0,31.7
2024-02-18 01:00:00,18.8,62.2,0.0,0.0,33.5
2024-02-18 02:00:00,19.7,51.33,0.0,0.0,13.1
2024-02-18 03:00:00,16.5,69.97,0.0,0.0,18.7
2024-02-18 04:00:00,13.2,81.73,0.0,0.0,13.5
2024-02-18 05:00:00,19.9,41.39,0.0,0.0,8.8
2024-02-18 06:00:00,14.9,78.26,0.0,0.0,18.9
2024-02-18 07:00:00,13.0,81.86,0.0,0.0,13.8
2024-02-18 08:00:00,22.2,39.17,0.0,0.0,8.5
2024-02-18 09:00:00,20.0,55.93,0.0,0.0,8.9
2024-02-18 10:00:00,23.6,44.97,0.0,0.0,12.5
2024-02-18 11:00:00,27.6,28.66,0.0,0.0,3.7
2024-02-18 12:00:00,26.8,33.15,0.0,0.0,13.1
2024-02-18 13:00:00,28.6,28.0,0.0,0.0,16.3
2024-02-18 14:00:00,32.3,22.72,0.0,0.0,7.0
2024-02-18 15:00:00,29.5,32.5,0.0,0.0,22.7
2024-02-18 16:00:00,28.4,40.92,0.0,0.0,24.5
2024-02-18 17:00:00,30.5,29.19,0.0,0.0,6.5
2024-02-18 18:00:00,24.7,58.07,0.0,0.0,26.6
2024-02-18 19:00:00,23.8,61.3,0.0,0.0,21.7
2024-02-18 20:00:00,28.2,30.11,0.0,0.0,2.8
2024-02-18 21:00:00,21.6,69.5,0.0,0.0,23.2
2024-02-18 22:00:00,21.7,68.57,0.0,0.0,21.3
2024-02-18 23:00:00,25.3,36.21,0.0,0.0,5.6
2024-02-19 00:00:00,21.6,62.61,0.0,0.0,24.9
2024-02-19 01:00:00,21.6,62.27,0.0,0.0,25.0
2024-02-19 02:00:00,26.6,29.07,0.0,0.0,6.3
2024-02-19 03:00:00,20.0,68.23,0.0,0.0,21.8
2024-02-19 04:00:00,20.5,65.88,0.0,0.0,18.1
2024-02-19 05:00:00,20.4,50.7,0.0,0.0,0.3
2024-02-19 06:00:00,17.1,77.8,0.0,0.0,8.8
2024-02-19 07:00:00,17.1,78.24,0.0,0.0,7.9
2024-02-19 08:00:00,22.9,49.22,0.0,0.0,0.1
2024-02-19 09:00:00,25.0,48.62,0.0,0.0,4.6
2024-02-19 10:00:00,27.3,45.15,0.0,0.0,9.5
2024-02-19 11:00:00,30.2,34.15,0.0,0.0,3.7
2024-02-19 12:00:00,33.0,29.76,0.0,0.0,3.6
2024-02-19 13:00:00,33.9,22.21,0.0,0.0,9.8
2024-02-19 14:00:00,35.5,18.67,0.0,0.0,4.3
2024-02-19 15:00:00,33.5,27.09,0.0,0.0,17.4
2024-02-19 16:00:00,32.9,28.34,0.0,0.0,17.5
2024-02-19 17:00:00,33.8,23.94,0.0,0.0,11.2
2024-02-19 18:00:00,29.9,33.64,0.0,0.0,17.4
2024-02-19 19:00:00,31.2,30.98,0.0,0.0,16.7
2024-02-19 20:00:00,28.6,38.23,0.0,0.0,0.1
2024-02-19 21:00:00,23.2,67.67,0.0,0.0,11.6
2024-02-19 22:00:00,24.5,54.46,0.0,0.0,11.1
2024-02-19 23:00:00,24.2,40.45,0.0,0.0,1.3
2024-02-20 00:00:00,20.5,66.9,0.0,0.0,6.1
2024-02-20 01:00:00,21.0,60.24,0.0,0.0,11.2
2024-02-20 02:00:00,20.3,58.81,0.0,0.0,1.4
2024-02-20 03:00:00,19.0,70.56,0.0,0.0,11.6
2024-02-20 04:00:00,18.1,83.38,0.0,0.0,16.3
2024-02-20 05:00:00,17.3,80.54,0.0,0.0,1.4
2024-02-20 06:00:00,17.1,98.48,0.0,0.0,12.4
2024-02-20 07:00:00,17.9,98.92,0.0,0.0,24.8
2024-02-20 08:00:00,18.0,87.43,0.0,0.0,10.6
2024-02-20 09:00:00,18.1,93.57,0.0,0.0,26.4
2024-02-20 10:00:00,19.1,87.9,0.0,0.0,23.8
2024-02-20 11:00:00,21.3,70.86,0.0,0.0,9.5
2024-02-20 12:00:00,23.6,64.77,0.0,0.0,29.7
2024-02-20 13:00:00,23.8,62.12,0.0,0.0,32.0
2024-02-20 14:00:00,22.8,64.99,0.0,0.0,14.3
2024-02-20 15:00:00,24.2,60.57,0.0,0.0,29.0
2024-02-20 16:00:00,24.2,62.26,0.0,0.0,27.4
2024-02-20 17:00:00,24.2,60.61,0.0,0.0,17.1
2024-02-20 18:00:00,26.0,55.25,0.0,0.0,10.0
2024-02-20 19:00:00,24.5,55.87,0.0,0.0,18.5
2024-02-20 20:00:00,21.4,68.93,0.002,0.0,12.4
2024-02-20 21:00:00,20.9,73.67,0.0,0.0,11.1
2024-02-20 22:00:00,18.3,82.4,0.0,0.0,11.3
2024-02-20 23:00:00,20.7,69.74,0.0,0.0,3.7
2024-02-21 00:00:00,18.2,92.44,0.0,0.0,7.6
2024-02-21 01:00:00,18.9,88.14,0.0,0.0,4.1
2024-02-21 02:00:00,19.1,82.62,0.0,0.0,7.6
2024-02-21 03:00:00,20.6,74.66,0.0,0.0,17.7
2024-02-21 04:00:00,20.1,71.73,0.0,0.0,20.4
2024-02-21 05:00:00,19.4,72.38,0.0,0.0,0.3
2024-02-21 06:00:00,19.1,76.59,0.0,0.0,12.4
2024-02-21 07:00:00,19.0,77.22,0.0,0.0,10.7
2024-02-21 08:00:00,20.7,57.37,0.0,0.0,6.2
2024-02-21 09:00:00,22.0,60.51,0.0,0.0,24.5
2024-02-21 10:00:00,22.7,53.28,0.0,0.0,23.6
2024-02-21 11:00:00,23.9,44.46,0.0,0.0,8.1
2024-02-21 12:00:00,24.6,43.98,0.0,0.0,25.7
2024-02-21 13:00:00,24.0,45.55,0.0,0.0,32.6
2024-02-21 14:00:00,23.0,53.64,0.0,0.0,16.2
2024-02-21 15:00:00,23.7,48.58,0.0,0.0,36.7
2024-02-21 16:00:00,23.7,47.28,0.0,0.0,37.7
2024-02-21 17:00:00,22.0,51.04,0.0,0.0,16.9
2024-02-21 18:00:00,22.7,50.1,0.0,0.0,35.1
2024-02-21 19:00:00,22.2,49.89,0.0,0.0,34.3
2024-02-21 20:00:00,19.5,56.71,0.0,0.0,19.9
2024-02-21 21:00:00,18.9,62.75,0.0,0.0,30.2
2024-02-21 22:00:00,19.0,64.75,0.0,0.0,31.7
2024-02-21 23:00:00,18.9,66.62,0.0,0.0,30.2
2024-02-22 00:00:00,19.0,63.85,0.0,0.0,33.5
2024-02-22 01:00:00,19.0,63.85,0.0,0.0,25.9
2024-02-22 02:00:00,18.1,66.45,0.0,0.0,23.2
2024-02-22 03:00:00,18.0,67.97,0.0,0.0,25.9
2024-02-22 04:00:00,18.2,66.84,0.0,0.0,23.3
2024-02-22 05:00:00,17.2,70.96,0.0,0.0,17.9
2024-02-22 06:00:00,18.2,66.84,0.0,0.0,26.0
2024-02-22 07:00:00,18.2,66.84,0.0,0.0,25.0
2024-02-22 08:00:00,19.8,59.95,0.0,0.0,20.9
2024-02-22 09:00:00,21.0,56.41,0.0,0.0,27.7
2024-02-22 10:00:00,21.9,50.16,0.0,0.0,20.2
2024-02-22 11:00:00,22.8,49.65,0.0,0.0,22.1
2024-02-22 12:00:00,22.8,47.34,0.0,0.0,22.8
2024-02-22 13:00:00,22.8,47.34,0.0,0.0,25.5
2024-02-22 14:00:00,23.5,44.08,0.0,0.0,36.8
2024-02-22 15:00:00,23.8,47.07,0.0,0.0,35.2
2024-02-22 16:00:00,23.0,43.66,0.0,0.0,38.7
2024-02-22 17:00:00,23.0,39.2,0.0,0.0,16.3
2024-02-22 18:00:00,21.7,57.37,0.0,0.0,37.0
2024-02-22 19:00:00,20.8,61.75,0.0,0.0,33.6
2024-02-22 20:00:00,20.8,47.6,0.0,0.0,21.0
2024-02-22 21:00:00,19.7,65.34,0.0,0.0,25.9
2024-02-22 22:00:00,19.7,65.58,0.0,0.0,26.8
2024-02-22 23:00:00,20.8,51.19,0.0,0.0,18.1
2024-02-23 00:00:00,19.7,60.15,0.0,0.0,27.7
2024-02-23 01:00:00,19.0,55.91,0.0,0.0,33.5
2024-02-23 02:00:00,20.3,47.34,0.0,0.0,14.3
2024-02-23 03:00:00,18.5,58.81,0.0,0.0,22.0
2024-02-23 04:00:00,18.8,59.71,0.0,0.0,18.4
2024-02-23 05:00:00,17.5,59.24,0.0,0.0,2.0
2024-02-23 06:00:00,16.0,76.64,0.0,0.0,18.7
2024-02-23 07:00:00,16.2,77.69,0.0,0.0,17.6
2024-02-23 08:00:00,18.5,67.62,0.0,0.0,17.6
2024-02-23 09:00:00,21.0,56.02,0.0,0.0,9.3
2024-02-23 10:00:00,22.7,47.65,0.0,0.0,5.4
2024-02-23 11:00:00,25.7,35.13,0.0,0.0,4.8
2024-02-23 12:00:00,26.7,36.49,0.0,0.0,7.6
2024-02-23 13:00:00,26.8,34.39,0.0,0.0,13.0
2024-02-23 14:00:00,26.9,33.58,0.0,0.0,8.1
2024-02-23 15:00:00,26.8,42.67,0.0,0.0,17.5
2024-02-23 16:00:00,25.2,49.65,0.0,0.0,20.5
2024-02-23 17:00:00,25.7,35.86,0.0,0.0,11.3
2024-02-23 18:00:00,22.1,64.52,0.0,0.0,24.1
2024-02-23 19:00:00,20.8,69.0,0.0,0.0,26.0
2024-02-23 20:00:00,20.0,57.61,0.0,0.0,8.8
2024-02-23 21:00:00,19.6,69.48,0.0,0.0,16.6
2024-02-23 22:00:00,18.3,76.21,0.0,0.0,8.4
2024-02-23 23:00:00,19.1,64.15,0.0,0.0,4.2
2024-02-24 00:00:00,16.9,82.5,0.0,0.0,7.6
2024-02-24 01:00:00,16.9,82.5,0.0,0.0,7.6
2024-02-24 02:00:00,16.9,76.09,0.0,0.0,7.6
2024-02-24 03:00:00,17.2,82.53,0.0,0.0,14.8
2024-02-24 04:00:00,17.6,82.59,0.0,0.0,14.8
2024-02-24 05:00:00,17.0,79.07,0.0,0.0,6.4
2024-02-24 06:00:00,17.3,85.4,0.0,0.0,15.7
2024-02-24 07:00:00,19.0,77.62,0.0,0.0,20.5
2024-02-24 08:00:00,17.2,78.25,0.0,0.0,5.6
2024-02-24 09:00:00,19.2,75.83,0.0,0.0,19.4
2024-02-24 10:00:00,20.4,70.59,0.0,0.0,27.6
2024-02-24 11:00:00,19.0,73.21,0.0,0.0,10.3
2024-02-24 12:00:00,21.9,65.58,0.0,0.0,25.7
2024-02-24 13:00:00,23.2,56.95,0.0,0.0,25.1
2024-02-24 14:00:00,20.9,67.98,0.0,0.0,11.5
2024-02-24 15:00:00,22.6,67.08,0.0,0.0,37.0
2024-02-24 16:00:00,21.0,82.99,0.0,0.0,33.5
2024-02-24 17:00:00,16.5,84.99,0.0,0.0,15.4
2024-02-24 18:00:00,19.1,88.19,2.0,0.0,17.2
2024-02-24 19:00:00,19.0,88.19,0.0,0.0,5.4
2024-02-24 20:00:00,16.7,83.83,7.312,0.0,3.7
2024-02-24 21:00:00,18.0,88.1,0.0,0.0,5.4
2024-02-24 22:00:00,17.3,90.76,0.0,0.0,6.5
2024-02-24 23:00:00,17.7,68.69,0.0,0.0,3.7
2024-02-25 00:00:00,18.0,72.58,0.0,0.0,16.6
2024-02-25 01:00:00,17.0,67.77,0.0,0.0,11.2
2024-02-25 02:00:00,17.0,60.23,0.0,0.0,2.5
2024-02-25 03:00:00,16.0,72.22,0.0,0.0,5.4
2024-02-25 04:00:00,15.0,82.26,0.0,0.0,3.6
2024-02-25 05:00:00,17.3,59.55,0.0,0.0,6.7
2024-02-25 06:00:00,14.7,82.51,0.0,0.0,4.5
2024-02-25 07:00:00,16.5,74.11,0.0,0.0,11.2
2024-02-25 08:00:00,17.2,65.28,0.0,0.0,5.4
2024-02-25 09:00:00,16.1,82.96,0.0,0.0,5.4
2024-02-25 10:00:00,17.5,75.78,0.0,0.0,4.5
2024-02-25 11:00:00,19.6,60.93,0.0,0.0,8.1
2024-02-25 12:00:00,20.3,61.34,0.0,0.0,15.6
2024-02-25 13:00:00,21.3,51.08,0.0,0.0,23.3
2024-02-25 14:00:00,21.3,47.35,0.0,0.0,8.7
2024-02-25 15:00:00,22.0,46.47,0.0,0.0,25.9
2024-02-25 16:00:00,21.8,41.43,0.0,0.0,29.5
2024-02-25 17:00:00,20.8,48.61,0.0,0.0,12.6
2024-02-25 18:00:00,20.1,53.3,0.0,0.0,27.7
2024-02-25 19:00:00,18.6,60.73,0.0,0.0,27.7
2024-02-25 20:00:00,18.2,60.08,0.0,0.0,13.1
2024-02-25 21:00:00,17.1,66.61,0.0,0.0,27.8
2024-02-25 22:00:00,17.0,63.62,0.0,0.0,24.1
2024-02-25 23:00:00,17.4,59.07,0.0,0.0,14.3
2024-02-26 00:00:00,16.8,63.8,0.0,0.0,24.1
2024-02-26 01:00:00,16.8,63.35,0.0,0.0,31.6
2024-02-26 02:00:00,16.9,59.97,0.0,0.0,14.5
2024-02-26 03:00:00,16.9,60.74,0.0,0.0,31.7
2024-02-26 04:00:00,16.2,65.96,0.0,0.0,34.3
2024-02-26 05:00:00,17.0,57.96,0.0,0.0,21.1
2024-02-26 06:00:00,16.2,67.12,0.0,0.0,42.5
2024-02-26 07:00:00,16.3,67.39,0.0,0.0,35.3
2024-02-26 08:00:00,18.3,52.08,0.004,0.0,22.2
2024-02-26 09:00:00,19.9,52.88,0.0,0.0,39.7
2024-02-26 10:00:00,22.0,45.66,0.0,0.0,37.1
2024-02-26 11:00:00,21.4,42.61,0.0,0.0,18.6
2024-02-26 12:00:00,25.7,31.61,0.0,0.0,24.1
2024-02-26 13:00:00,26.2,32.32,0.0,0.0,33.5
2024-02-26 14:00:00,24.3,33.07,0.0,0.0,19.9
2024-02-26 15:00:00,27.1,34.46,0.0,0.0,37.9
2024-02-26 16:00:00,26.3,40.38,0.0,0.0,37.1
2024-02-26 17:00:00,25.3,33.33,0.0,0.0,19.4
2024-02-26 18:00:00,24.9,43.19,0.0,0.0,38.9
2024-02-26 19:00:00,22.9,46.71,0.0,0.0,37.1
2024-02-26 20:00:00,22.3,44.04,0.0,0.0,28.4
2024-02-26 21:00:00,20.0,52.54,0.0,0.0,20.5
2024-02-26 22:00:00,19.0,56.9,0.0,0.0,17.4
2024-02-26 23:00:00,21.7,40.34,0.0,0.0,32.4
2024-02-27 00:00:00,18.0,59.52,0.0,0.0,13.0
2024-02-27 01:00:00,17.3,62.37,0.0,0.0,13.9
2024-02-27 02:00:00,22.0,34.38,1.983,0.0,23.8
2024-02-27 03:00:00,17.8,59.47,0.0,0.0,16.6
2024-02-27 04:00:00,17.1,63.41,0.0,0.0,18.6
2024-02-27 05:00:00,22.1,33.82,0.0,0.0,24.6
2024-02-27 06:00:00,17.1,66.61,0.0,0.0,21.4
2024-02-27 07:00:00,16.8,64.25,0.0,0.0,10.3
2024-02-27 08:00:00,21.6,41.84,0.0,0.0,25.0
2024-02-27 09:00:00,23.1,44.05,0.0,0.0,18.4
2024-02-27 10:00:00,25.3,35.7,0.0,0.0,21.5
2024-02-27 11:00:00,26.3,27.2,0.0,0.0,23.3
2024-02-27 12:00:00,30.6,23.52,0.0,0.0,18.4
2024-02-27 13:00:00,31.6,23.12,0.0,0.0,27.6
2024-02-27 14:00:00,31.5,20.11,0.005,0.0,15.5
2024-02-27 15:00:00,34.0,16.4,0.0,0.0,18.4
2024-02-27 16:00:00,35.0,17.81,0.0,0.0,22.3
2024-02-27 17:00:00,30.4,24.8,0.0,0.0,18.7
2024-02-27 18:00:00,30.0,30.93,0.0,0.0,20.5
2024-02-27 19:00:00,26.0,44.56,0.0,0.0,24.1
2024-02-27 20:00:00,26.8,32.75,0.0,0.0,20.9
2024-02-27 21:00:00,23.1,49.43,0.0,0.0,14.8
2024-02-27 22:00:00,22.5,51.92,0.0,0.0,18.4
2024-02-27 23:00:00,24.5,38.96,0.0,0.0,21.4
2024-02-28 00:00:00,20.1,59.81,0.0,0.0,16.6
2024-02-28 01:00:00,19.8,61.0,0.0,0.0,23.2
2024-02-28 02:00:00,26.2,29.84,0.0,0.0,17.8
2024-02-28 03:00:00,19.0,63.85,0.0,0.0,14.8
2024-02-28 04:00:00,18.1,67.98,0.0,0.0,13.0
2024-02-28 05:00:00,28.0,21.47,0.0,0.0,4.9
2024-02-28 06:00:00,18.2,68.01,0.0,0.0,7.6
2024-02-28 07:00:00,19.0,63.85,0.0,0.0,5.4
2024-02-28 08:00:00,23.4,39.19,0.0,0.0,0.1
2024-02-28 09:00:00,24.1,44.79,0.0,0.0,6.4
2024-02-28 10:00:00,26.1,42.32,0.0,0.0,9.4
2024-02-28 11:00:00,34.8,15.66,0.0,0.0,5.5
2024-02-28 12:00:00,31.8,29.43,0.0,0.0,12.0
2024-02-28 13:00:00,33.0,22.1,0.0,0.0,16.6
2024-02-28 14:00:00,38.6,12.01,0.0,0.0,8.6
2024-02-28 15:00:00,33.0,26.08,0.0,0.0,20.5
2024-02-28 16:00:00,31.0,35.57,0.0,0.0,20.5
2024-02-28 17:00:00,38.7,10.34,0.0,0.0,10.4
2024-02-28 18:00:00,25.8,51.02,0.0,0.0,16.6
2024-02-28 19:00:00,24.4,55.54,0.0,0.0,15.7
2024-02-28 20:00:00,34.5,19.73,0.0,0.0,12.4
2024-02-28 21:00:00,21.0,68.58,0.0,0.0,13.0
2024-02-28 22:00:00,21.2,67.01,0.0,0.0,14.8
2024-02-28 23:00:00,21.0,64.28,0.0,0.0,11.2
2024-02-29 00:00:00,21.7,61.66,0.0,0.0,11.2
2024-02-29 01:00:00,21.0,64.29,0.0,0.0,13.0
2024-02-29 02:00:00,24.0,46.29,0.0,0.0,2.0
2024-02-29 03:00:00,20.0,64.07,0.0,0.0,13.0
2024-02-29 04:00:00,19.0,72.76,0.0,0.0,11.2
2024-02-29 05:00:00,21.9,48.17,0.0,0.0,7.6
2024-02-29 06:00:00,17.9,78.78,0.0,0.0,20.5
2024-02-29 07:00:00,17.1,88.02,0.0,0.0,13.9
2024-02-29 08:00:00,20.3,69.3,0.0,0.0,5.6
2024-02-29 09:00:00,20.3,75.5,0.0,0.0,21.5
2024-02-29 10:00:00,20.6,71.58,0.0,0.0,20.2
2024-02-29 11:00:00,21.6,63.06,0.0,0.0,11.4
2024-02-29 12:00:00,24.0,57.15,0.0,0.0,29.5
2024-02-29 13:00:00,23.8,57.84,0.0,0.0,29.8
2024-02-29 14:00:00,24.0,55.61,0.0,0.0,12.1
2024-02-29 15:00:00,24.2,56.29,0.0,0.0,29.2
2024-02-29 16:00:00,22.8,60.92,0.0,0.0,34.4
2024-02-29 17:00:00,23.3,58.95,0.0,0.0,12.2
2024-02-29 18:00:00,20.9,69.28,0.0,0.0,32.9
2024-02-29 19:00:00,20.0,73.18,0.0,0.0,19.6
2024-02-29 20:00:00,20.9,66.53,0.0,0.0,4.4
2024-02-29 21:00:00,18.7,79.63,0.0,0.0,16.7
2024-02-29 22:00:00,18.8,82.86,0.0,0.0,15.5
2024-02-29 23:00:00,18.8,77.12,0.0,0.0,8.8
2024-03-01 00:00:00,17.3,86.86,0.0,0.0,12.1
2024-03-01 01:00:00,17.9,83.19,0.0,0.0,14.8
2024-03-01 02:00:00,17.8,79.64,0.018,0.0,4.4
2024-03-01 03:00:00,16.9,87.69,0.0,0.0,15.8
2024-03-01 04:00:00,17.0,86.98,0.0,0.0,21.1
2024-03-01 05:00:00,17.6,77.22,0.0,0.0,4.5
2024-03-01 06:00:00,18.0,77.82,0.0,0.0,23.4
2024-03-01 07:00:00,18.6,74.57,0.0,0.0,24.2
2024-03-01 08:00:00,18.0,73.31,0.0,0.0,4.5
2024-03-01 09:00:00,19.7,69.37,0.0,0.0,23.2
2024-03-01 10:00:00,21.9,61.06,0.0,0.0,31.3
2024-03-01 11:00:00,22.0,60.59,0.0,0.0,7.2
2024-03-01 12:00:00,24.7,51.57,0.0,0.0,23.5
2024-03-01 13:00:00,24.9,51.23,0.0,0.0,24.7
2024-03-01 14:00:00,23.5,56.54,0.0,0.0,15.5
2024-03-01 15:00:00,24.9,51.55,0.0,0.0,21.2
2024-03-01 16:00:00,24.8,54.66,0.0,0.0,23.2
2024-03-01 17:00:00,22.6,62.19,0.0,0.0,20.4
2024-03-01 18:00:00,23.0,61.07,0.0,0.0,19.2
2024-03-01 19:00:00,22.9,60.75,0.0,0.0,6.7
2024-03-01 20:00:00,21.0,67.13,0.0,0.0,6.5
2024-03-01 21:00:00,20.3,75.17,0.0,0.0,15.3
2024-03-01 22:00:00,20.3,75.23,0.0,0.0,16.9
2024-03-01 23:00:00,20.0,82.87,0.0,0.0,20.5
2024-03-02 00:00:00,19.1,91.92,0.0,0.0,17.4
2024-03-02 01:00:00,18.9,93.35,0.0,0.0,18.5
2024-03-02 02:00:00,19.7,71.34,0.0,0.0,5.0
2024-03-02 03:00:00,18.4,95.98,0.0,0.0,19.5
2024-03-02 04:00:00,18.0,99.64,0.0,0.0,15.7
2024-03-02 05:00:00,17.9,77.93,0.0,0.0,1.5
2024-03-02 06:00:00,18.9,93.42,0.0,0.0,21.2
2024-03-02 07:00:00,18.9,94.0,0.0,0.0,17.5
2024-03-02 08:00:00,19.6,73.76,0.0,0.0,3.9
2024-03-02 09:00:00,22.1,72.3,0.0,0.0,29.3
2024-03-02 10:00:00,23.8,62.12,0.0,0.0,33.6
2024-03-02 11:00:00,24.8,53.35,0.0,0.0,23.2
2024-03-02 12:00:00,25.4,56.36,0.0,0.0,35.7
2024-03-02 13:00:00,25.7,58.31,0.0,0.0,32.1
2024-03-02 14:00:00,25.7,54.37,0.0,0.0,16.3
2024-03-02 15:00:00,22.8,70.39,0.0,0.0,49.7
2024-03-02 16:00:00,22.0,73.08,0.0,0.0,48.3
2024-03-02 17:00:00,20.0,72.49,0.0,0.0,29.7
2024-03-02 18:00:00,21.0,68.88,0.0,0.0,39.9
2024-03-02 19:00:00,19.7,73.34,0.0,0.0,36.7
2024-03-02 20:00:00,19.0,68.38,0.0,0.0,32.2
2024-03-02 21:00:00,18.9,77.85,0.0,0.0,39.6
2024-03-02 22:00:00,18.8,78.29,0.0,0.0,38.4
2024-03-02 23:00:00,20.7,62.16,0.0,0.0,32.7
2024-03-03 00:00:00,18.9,78.13,0.0,0.0,24.1
2024-03-03 01:00:00,18.9,73.63,0.0,0.0,8.1
2024-03-03 02:00:00,21.3,62.96,0.0,0.0,20.9
2024-03-03 03:00:00,19.8,74.09,0.0,0.0,13.6
2024-03-03 04:00:00,19.8,78.9,0.0,0.0,19.8
2024-03-03 05:00:00,21.8,62.8,0.0,0.0,16.0
2024-03-03 06:00:00,18.1,88.19,0.0,0.0,20.9
2024-03-03 07:00:00,18.8,84.42,0.0,0.0,18.6
2024-03-03 08:00:00,22.4,61.51,0.0,0.0,17.1
2024-03-03 09:00:00,21.4,71.85,0.0,0.0,20.2
2024-03-03 10:00:00,23.6,61.8,0.0,0.0,14.5
2024-03-03 11:00:00,24.3,53.01,0.0,0.0,12.5
2024-03-03 12:00:00,26.4,49.21,0.0,0.0,8.0
2024-03-03 13:00:00,26.5,53.11,0.0,0.0,27.3
2024-03-03 14:00:00,27.4,47.81,0.0,0.0,14.4
2024-03-03 15:00:00,24.9,61.07,0.0,0.0,28.0
2024-03-03 16:00:00,22.7,70.14,0.0,0.0,24.8
2024-03-03 17:00:00,29.9,39.02,0.0,0.0,6.4
2024-03-03 18:00:00,19.9,82.2,0.0,0.0,26.6
2024-03-03 19:00:00,18.9,83.64,0.0,0.0,21.3
2024-03-03 20:00:00,24.6,57.34,0.0,0.0,2.2
2024-03-03 21:00:00,18.0,87.9,0.0,0.0,22.6
2024-03-03 22:00:00,18.0,87.62,0.0,0.0,20.1
2024-03-03 23:00:00,20.6,68.92,0.0,0.0,1.3
2024-03-04 00:00:00,18.1,87.8,0.0,0.0,6.3
2024-03-04 01:00:00,18.0,87.83,0.0,0.0,4.8
2024-03-04 02:00:00,17.4,79.49,0.0,0.0,12.5
2024-03-04 03:00:00,18.5,84.94,0.0,0.0,20.4
2024-03-04 04:00:00,16.9,82.9,0.0,0.0,29.1
2024-03-04 05:00:00,17.3,72.66,0.0,0.0,20.5
2024-03-04 06:00:00,17.6,74.27,0.0,0.0,14.4
2024-03-04 07:00:00,16.9,83.07,0.0,0.0,14.3
2024-03-04 08:00:00,17.6,72.66,0.064,0.0,3.8
2024-03-04 09:00:00,17.9,83.29,0.0,0.0,10.4
2024-03-04 10:00:00,18.0,82.55,0.0,0.0,6.5
2024-03-04 11:00:00,18.5,71.24,0.0,0.0,4.9
2024-03-04 12:00:00,18.4,82.13,0.0,0.0,8.5
2024-03-04 13:00:00,18.6,86.1,0.0,0.0,23.3
2024-03-04 14:00:00,18.0,80.47,8.215,0.0,12.4
2024-03-04 15:00:00,18.0,88.1,0.0,0.0,26.5
2024-03-04 16:00:00,18.3,86.14,0.0,0.0,25.6
2024-03-04 17:00:00,17.4,78.76,0.0,0.0,11.5
2024-03-04 18:00:00,16.7,91.37,0.0,0.0,27.5
2024-03-04 19:00:00,16.3,94.0,0.0,0.0,23.4
2024-03-04 20:00:00,16.2,83.09,8.227,0.0,6.3
2024-03-04 21:00:00,16.0,93.79,0.0,0.0,18.4
2024-03-04 22:00:00,16.0,87.93,0.0,0.0,7.6
2024-03-04 23:00:00,17.6,66.15,0.0,0.0,10.0
2024-03-05 00:00:00,17.0,77.31,0.0,0.0,18.4
2024-03-05 01:00:00,17.0,77.31,0.0,0.0,13.0
2024-03-05 02:00:00,16.3,71.57,0.0,0.0,9.3
2024-03-05 03:00:00,17.3,74.23,0.0,0.0,17.5
2024-03-05 04:00:00,16.8,78.92,0.0,0.0,14.8
2024-03-05 05:00:00,17.2,66.54,0.0,0.0,8.8
2024-03-05 06:00:00,16.3,78.85,0.0,0.0,14.8
2024-03-05 07:00:00,15.2,91.55,0.0,0.0,7.3
2024-03-05 08:00:00,15.6,77.62,0.027,0.0,4.9
2024-03-05 09:00:00,17.4,83.71,0.0,0.0,2.7
2024-03-05 10:00:00,18.2,76.7,0.0,0.0,7.6
2024-03-05 11:00:00,18.7,67.35,0.0,0.0,4.9
2024-03-05 12:00:00,20.9,56.97,0.0,0.0,17.5
2024-03-05 13:00:00,22.3,55.8,0.0,0.0,18.5
2024-03-05 14:00:00,20.6,61.65,0.197,0.0,13.6
2024-03-05 15:00:00,22.0,53.49,0.0,0.0,21.3
2024-03-05 16:00:00,21.6,51.62,0.0,0.0,22.0
2024-03-05 17:00:00,20.6,59.88,0.0,0.0,13.6
2024-03-05 18:00:00,20.0,60.22,0.0,0.0,20.3
2024-03-05 19:00:00,19.1,62.12,0.0,0.0,16.3
2024-03-05 20:00:00,18.8,54.69,0.0,0.0,8.0
2024-03-05 21:00:00,17.9,67.99,0.0,0.0,15.9
2024-03-05 22:00:00,17.0,72.34,0.0,0.0,14.1
2024-03-05 23:00:00,17.5,58.33,0.0,0.0,6.1
2024-03-06 00:00:00,16.0,81.65,0.0,0.0,9.0
2024-03-06 01:00:00,16.0,81.78,0.0,0.0,12.4
2024-03-06 02:00:00,17.9,50.78,0.0,0.0,8.5
2024-03-06 03:00:00,15.1,86.59,0.0,0.0,15.2
2024-03-06 04:00:00,15.1,81.52,0.0,0.0,15.2
2024-03-06 05:00:00,16.1,57.04,0.0,0.0,6.8
2024-03-06 06:00:00,15.2,76.02,0.0,0.0,17.1
2024-03-06 07:00:00,14.1,80.83,0.0,0.0,13.3
2024-03-06 08:00:00,18.1,47.92,0.0,0.0,5.7
2024-03-06 09:00:00,17.2,65.71,0.0,0.0,11.0
2024-03-06 10:00:00,20.0,53.74,0.0,0.0,10.1
2024-03-06 11:00:00,22.0,43.97,0.0,0.0,3.6
2024-03-06 12:00:00,23.5,41.99,0.0,0.0,7.6
2024-03-06 13:00:00,24.7,42.43,0.0,0.0,6.5
2024-03-06 14:00:00,22.6,38.87,0.0,0.0,9.0
2024-03-06 15:00:00,23.0,47.7,0.0,0.0,19.8
2024-03-06 16:00:00,21.9,49.97,0.0,0.0,18.7
2024-03-06 17:00:00,23.7,40.63,0.0,0.0,5.0
2024-03-06 18:00:00,20.8,58.44,0.0,0.0,17.0
2024-03-06 19:00:00,18.9,67.27,0.0,0.0,20.0
2024-03-06 20:00:00,20.1,54.64,0.0,0.0,4.0
2024-03-06 21:00:00,17.2,76.67,0.0,0.0,16.7
2024-03-06 22:00:00,17.3,76.46,0.0,0.0,15.2
2024-03-06 23:00:00,18.9,58.09,0.0,0.0,0.2
2024-03-07 00:00:00,16.0,83.08,0.0,0.0,6.6
2024-03-07 01:00:00,16.1,82.28,0.0,0.0,8.1
2024-03-07 02:00:00,17.2,65.94,0.0,0.0,9.9
2024-03-07 03:00:00,15.9,81.22,0.0,0.0,19.1
2024-03-07 04:00:00,15.0,85.33,0.0,0.0,16.9
2024-03-07 05:00:00,16.1,73.05,0.0,0.0,2.0
2024-03-07 06:00:00,16.1,76.41,0.0,0.0,9.5
2024-03-07 07:00:00,16.8,68.51,0.0,0.0,21.7
2024-03-07 08:00:00,15.8,80.48,0.0,0.0,1.5
2024-03-07 09:00:00,19.0,72.11,0.0,0.0,25.7
2024-03-07 10:00:00,20.8,64.1,0.0,0.0,26.4
2024-03-07 11:00:00,21.0,64.46,0.0,0.0,8.5
2024-03-07 12:00:00,23.1,53.7,0.0,0.0,28.6
2024-03-07 13:00:00,22.8,50.57,0.0,0.0,25.9
2024-03-07 14:00:00,20.0,53.29,0.0,0.0,13.3
2024-03-07 15:00:00,21.4,55.59,0.0,0.0,35.1
2024-03-07 16:00:00,20.9,60.97,0.0,0.0,32.6
2024-03-07 17:00:00,19.3,73.86,0.0,0.0,7.8
2024-03-07 18:00:00,21.8,73.85,0.0,0.0,32.4
2024-03-07 19:00:00,20.8,78.45,0.0,0.0,34.0
2024-03-07 20:00:00,18.1,82.47,0.0,0.0,10.3
2024-03-07 21:00:00,20.6,81.45,0.0,0.0,28.4
2024-03-07 22:00:00,19.7,91.34,0.0,0.0,23.0
2024-03-07 23:00:00,19.0,93.93,0.1,0.0,20.5
2024-03-08 00:00:00,19.5,91.54,0.0,0.0,21.2
2024-03-08 01:00:00,19.1,94.27,0.0,0.0,21.1
2024-03-08 02:00:00,15.7,90.71,1.325,0.0,7.1
2024-03-08 03:00:00,19.0,94.81,0.0,0.0,21.2
2024-03-08 04:00:00,18.9,95.4,0.0,0.0,13.7
2024-03-08 05:00:00,14.6,92.59,0.0,0.0,10.1
2024-03-08 06:00:00,18.8,95.72,0.0,0.0,14.4
2024-03-08 07:00:00,18.8,95.69,0.0,0.0,15.9
2024-03-08 08:00:00,14.5,93.39,3.642,0.0,8.2
2024-03-08 09:00:00,18.9,99.96,0.0,0.0,16.4
2024-03-08 10:00:00,19.1,98.4,0.0,0.0,13.1
2024-03-08 11:00:00,15.6,92.66,0.0,0.0,4.4
2024-03-08 12:00:00,21.9,83.43,0.0,0.0,15.9
2024-03-08 13:00:00,23.9,73.87,0.0,0.0,17.4
2024-03-08 14:00:00,22.7,68.63,0.527,0.0,7.0
2024-03-08 15:00:00,24.9,62.02,0.0,0.0,17.6
2024-03-08 16:00:00,24.8,61.93,0.0,0.0,13.1
2024-03-08 17:00:00,23.2,66.01,0.0,0.0,12.9
2024-03-08 18:00:00,22.9,69.58,0.0,0.0,21.5
2024-03-08 19:00:00,20.9,78.43,0.0,0.0,17.4
2024-03-08 20:00:00,20.6,74.96,0.002,0.0,5.7
2024-03-08 21:00:00,18.8,89.56,0.0,0.0,14.1
2024-03-08 22:00:00,18.9,89.32,0.0,0.0,17.4
2024-03-08 23:00:00,18.6,79.52,0.0,0.0,1.4
2024-03-09 00:00:00,18.1,98.19,0.0,0.0,13.5
2024-03-09 01:00:00,18.0,99.72,0.0,0.0,17.9
2024-03-09 02:00:00,17.6,80.75,0.0,0.0,1.5
2024-03-09 03:00:00,18.0,93.49,0.0,0.0,11.5
2024-03-09 04:00:00,17.8,94.65,0.0,0.0,10.7
2024-03-09 05:00:00,16.5,84.05,0.0,0.0,0.2
2024-03-09 06:00:00,16.9,94.5,0.0,0.0,15.0
2024-03-09 07:00:00,17.0,94.21,0.0,0.0,13.5
2024-03-09 08:00:00,18.1,81.68,0.0,0.0,1.4
2024-03-09 09:00:00,19.8,82.97,0.0,0.0,15.2
2024-03-09 10:00:00,20.3,77.95,0.0,0.0,16.1
2024-03-09 11:00:00,23.9,59.08,0.0,0.0,4.4
2024-03-09 12:00:00,23.0,65.29,0.0,0.0,23.1
2024-03-09 13:00:00,23.9,61.59,0.0,0.0,22.9
2024-03-09 14:00:00,26.7,50.33,0.002,0.0,7.1
2024-03-09 15:00:00,23.0,64.9,0.0,0.0,30.1
2024-03-09 16:00:00,23.0,65.24,0.0,0.0,26.5
2024-03-09 17:00:00,25.8,53.7,0.0,0.0,11.8
2024-03-09 18:00:00,20.8,78.06,0.0,0.0,30.8
2024-03-09 19:00:00,19.7,82.42,0.0,0.0,29.9
2024-03-09 20:00:00,21.2,67.51,0.0,0.0,4.8
2024-03-09 21:00:00,18.7,84.06,0.0,0.0,27.2
2024-03-09 22:00:00,18.0,87.92,0.0,0.0,21.7
2024-03-09 23:00:00,18.5,76.27,0.0,0.0,4.5
2024-03-10 00:00:00,18.0,88.1,0.0,0.0,26.6
2024-03-10 01:00:00,17.9,88.24,0.0,0.0,21.6
2024-03-10 02:00:00,17.2,76.92,0.0,0.0,1.5
2024-03-10 03:00:00,17.2,91.66,0.0,0.0,21.3
2024-03-10 04:00:00,17.1,91.33,0.0,0.0,24.8
2024-03-10 05:00:00,16.7,76.21,0.0,0.0,0.4
2024-03-10 06:00:00,17.1,88.38,0.0,0.0,24.6
2024-03-10 07:00:00,17.0,89.01,0.0,0.0,24.8
2024-03-10 08:00:00,18.4,74.68,0.0,0.0,0.4
2024-03-10 09:00:00,19.7,78.78,0.0,0.0,31.2
2024-03-10 10:00:00,21.0,72.02,0.0,0.0,35.1
2024-03-10 11:00:00,23.6,57.61,0.0,0.0,7.3
2024-03-10 12:00:00,22.8,62.67,0.0,0.0,33.2
2024-03-10 13:00:00,23.0,64.42,0.0,0.0,29.6
2024-03-10 14:00:00,25.8,48.91,0.0,0.0,4.6
2024-03-10 15:00:00,24.0,61.22,0.0,0.0,32.2
2024-03-10 16:00:00,23.9,61.38,0.0,0.0,34.3
2024-03-10 17:00:00,26.0,46.26,0.0,0.0,5.8
2024-03-10 18:00:00,22.9,63.49,0.0,0.0,33.4
2024-03-10 19:00:00,21.9,69.54,0.0,0.0,31.8
2024-03-10 20:00:00,21.7,59.02,0.0,0.0,3.9
2024-03-10 21:00:00,19.0,83.08,0.0,0.0,26.8
2024-03-10 22:00:00,18.9,83.15,0.0,0.0,23.3
2024-03-10 23:00:00,19.7,65.93,0.0,0.0,2.1
2024-03-11 00:00:00,18.0,88.27,0.0,0.0,24.3
2024-03-11 01:00:00,17.0,87.94,0.0,0.0,16.8
2024-03-11 02:00:00,18.2,70.63,0.0,0.0,1.4
2024-03-11 03:00:00,16.9,89.02,0.0,0.0,23.7
2024-03-11 04:00:00,17.0,88.01,0.0,0.0,14.8
2024-03-11 05:00:00,16.8,71.76,0.0,0.0,1.4
2024-03-11 06:00:00,14.9,93.74,0.0,0.0,3.7
2024-03-11 07:00:00,15.2,93.75,0.0,0.0,6.5
2024-03-11 08:00:00,19.0,72.34,0.0,0.0,1.2
2024-03-11 09:00:00,20.1,76.48,0.0,0.0,7.6
2024-03-11 10:00:00,23.0,64.72,0.0,0.0,7.6
2024-03-11 11:00:00,27.1,46.74,0.0,0.0,1.3
2024-03-11 12:00:00,27.8,48.03,0.0,0.0,9.4
2024-03-11 13:00:00,29.0,43.57,0.0,0.0,8.3
2024-03-11 14:00:00,29.9,38.14,0.0,0.0,4.9
2024-03-11 15:00:00,31.3,38.33,0.0,0.0,13.2
2024-03-11 16:00:00,29.5,44.39,0.0,0.0,13.2
2024-03-11 17:00:00,30.0,35.64,0.0,0.0,8.8
2024-03-11 18:00:00,28.6,45.88,0.0,0.0,12.0
2024-03-11 19:00:00,22.6,67.46,0.0,0.0,7.6
2024-03-11 20:00:00,22.5,66.15,0.0,0.0,3.8
2024-03-11 21:00:00,17.9,90.59,0.0,0.0,10.7
2024-03-11 22:00:00,19.1,93.25,0.0,0.0,15.4
2024-03-11 23:00:00,19.2,77.07,0.0,0.0,0.3
2024-03-12 00:00:00,20.7,84.89,0.0,0.0,15.5
2024-03-12 01:00:00,20.7,84.89,0.0,0.0,15.5
2024-03-12 02:00:00,18.6,80.47,0.0,0.0,0.2
2024-03-12 03:00:00,20.2,87.56,0.0,0.0,9.9
2024-03-12 04:00:00,20.6,84.55,0.0,0.0,12.6
2024-03-12 05:00:00,18.4,82.21,0.0,0.0,2.7
2024-03-12 06:00:00,19.7,79.32,0.0,0.0,12.1
2024-03-12 07:00:00,18.9,88.6,0.0,0.0,13.8
2024-03-12 08:00:00,19.5,76.47,0.0,0.0,0.2
2024-03-12 09:00:00,21.8,73.87,0.0,0.0,17.2
2024-03-12 10:00:00,23.1,60.92,0.0,0.0,16.3
2024-03-12 11:00:00,23.4,59.53,0.0,0.0,6.6
2024-03-12 12:00:00,23.9,57.52,0.0,0.0,23.5
2024-03-12 13:00:00,24.0,57.89,0.0,0.0,26.9
2024-03-12 14:00:00,25.3,55.71,0.0,0.0,13.8
2024-03-12 15:00:00,24.6,58.4,0.0,0.0,32.3
2024-03-12 16:00:00,24.6,56.26,0.0,0.0,30.8
2024-03-12 17:00:00,24.9,51.13,0.0,0.0,12.1
2024-03-12 18:00:00,22.2,72.65,0.0,0.0,33.4
2024-03-12 19:00:00,20.9,78.4,0.0,0.0,28.9
2024-03-12 20:00:00,21.8,56.49,0.0,0.0,15.5
2024-03-12 21:00:00,19.9,82.8,0.0,0.0,21.3
2024-03-12 22:00:00,19.0,87.83,0.0,0.0,21.3
2024-03-12 23:00:00,20.7,61.34,0.0,0.0,11.5
2024-03-13 00:00:00,18.8,83.24,0.0,0.0,20.5
2024-03-13 01:00:00,18.9,77.99,0.0,0.0,19.5
2024-03-13 02:00:00,20.1,58.08,0.0,0.0,13.6
2024-03-13 03:00:00,18.0,82.43,0.0,0.0,15.9
2024-03-13 04:00:00,18.0,82.5,0.0,0.0,19.6
2024-03-13 05:00:00,19.6,61.66,0.0,0.0,11.2
2024-03-13 06:00:00,18.1,82.17,0.0,0.0,16.7
2024-03-13 07:00:00,18.0,87.57,0.0,0.0,14.1
2024-03-13 08:00:00,20.1,58.74,0.0,0.0,13.7
2024-03-13 09:00:00,20.9,64.4,0.0,0.0,26.3
2024-03-13 10:00:00,21.7,59.58,0.0,0.0,28.0
2024-03-13 11:00:00,22.6,48.33,0.0,0.0,10.7
2024-03-13 12:00:00,22.8,47.08,0.0,0.0,31.6
2024-03-13 13:00:00,22.3,52.73,0.0,0.0,27.1
2024-03-13 14:00:00,24.2,37.05,0.0,0.0,15.7
2024-03-13 15:00:00,23.0,53.39,0.0,0.0,27.9
2024-03-13 16:00:00,23.0,50.42,0.0,0.0,33.3
2024-03-13 17:00:00,22.2,50.63,0.0,0.0,15.1
2024-03-13 18:00:00,21.2,63.26,0.0,0.0,31.7
2024-03-13 19:00:00,19.7,68.74,0.0,0.0,28.1
2024-03-13 20:00:00,19.8,58.55,0.0,0.0,11.3
2024-03-13 21:00:00,18.5,74.69,0.0,0.0,22.2
2024-03-13 22:00:00,18.5,74.6,0.0,0.0,20.7
2024-03-13 23:00:00,19.3,63.08,0.0,0.0,16.0
2024-03-14 00:00:00,17.1,81.41,0.0,0.0,16.4
2024-03-14 01:00:00,17.0,82.08,0.0,0.0,12.7
2024-03-14 02:00:00,19.2,64.17,0.0,0.0,16.6
2024-03-14 03:00:00,17.0,77.47,0.0,0.0,20.7
2024-03-14 04:00:00,17.9,72.96,0.0,0.0,20.7
2024-03-14 05:00:00,19.0,61.06,0.0,0.0,18.5
2024-03-14 06:00:00,16.8,77.82,0.0,0.0,19.5
2024-03-14 07:00:00,17.2,73.16,0.0,0.0,23.8
2024-03-14 08:00:00,20.4,48.55,0.0,0.0,16.0
2024-03-14 09:00:00,19.9,57.32,0.0,0.0,10.2
2024-03-14 10:00:00,22.1,46.77,0.0,0.0,8.0
2024-03-14 11:00:00,23.6,39.12,0.0,0.0,10.4
2024-03-14 12:00:00,24.8,35.4,0.0,0.0,7.2
2024-03-14 13:00:00,24.9,41.96,0.0,0.0,20.3
2024-03-14 14:00:00,23.7,41.02,0.0,0.0,13.3
2024-03-14 15:00:00,24.2,52.87,0.0,0.0,26.8
2024-03-14 16:00:00,23.5,55.87,0.0,0.0,29.2
2024-03-14 17:00:00,25.0,44.2,0.0,0.0,13.1
2024-03-14 18:00:00,20.9,69.15,0.0,0.0,22.4
2024-03-14 19:00:00,19.7,74.03,0.0,0.0,21.3
2024-03-14 20:00:00,21.2,50.98,0.0,0.0,2.1
2024-03-14 21:00:00,18.1,82.58,0.0,0.0,21.6
2024-03-14 22:00:00,17.9,87.05,0.0,0.0,20.6
2024-03-14 23:00:00,18.3,64.5,0.0,0.0,1.5
2024-03-15 00:00:00,17.1,87.74,0.0,0.0,15.5
2024-03-15 01:00:00,17.0,88.08,0.0,0.0,17.7
2024-03-15 02:00:00,18.3,61.77,0.0,0.0,0.2
2024-03-15 03:00:00,17.0,88.19,0.0,0.0,10.9
2024-03-15 04:00:00,15.0,93.63,0.0,0.0,8.5
2024-03-15 05:00:00,16.5,66.69,0.0,0.0,1.3
2024-03-15 06:00:00,13.6,93.12,0.0,0.0,2.6
2024-03-15 07:00:00,13.5,91.74,0.0,0.0,9.5
2024-03-15 08:00:00,16.4,69.14,0.0,0.0,1.3
2024-03-15 09:00:00,18.1,77.48,0.0,0.0,16.6
2024-03-15 10:00:00,21.7,60.87,0.0,0.0,24.3
2024-03-15 11:00:00,22.7,48.98,0.0,0.0,6.3
2024-03-15 12:00:00,24.9,47.68,0.0,0.0,22.1
2024-03-15 13:00:00,24.9,42.86,0.0,0.0,29.3
2024-03-15 14:00:00,22.6,61.53,0.0,0.0,19.8
2024-03-15 15:00:00,25.7,38.15,0.0,0.0,24.5
2024-03-15 16:00:00,23.8,58.14,0.0,0.0,24.6
2024-03-15 17:00:00,21.0,67.81,0.0,0.0,21.0
2024-03-15 18:00:00,21.8,64.85,0.0,0.0,19.3
2024-03-15 19:00:00,20.4,67.71,0.0,0.0,14.9
2024-03-15 20:00:00,20.0,66.46,0.0,0.0,11.2
2024-03-15 21:00:00,18.0,82.96,0.0,0.0,10.6
2024-03-15 22:00:00,18.2,82.66,0.0,0.0,7.1
2024-03-15 23:00:00,19.5,72.09,0.0,0.0,6.3
2024-03-16 00:00:00,19.7,78.04,0.0,0.0,12.6
2024-03-16 01:00:00,19.7,78.84,0.0,0.0,7.1
2024-03-16 02:00:00,17.9,83.19,0.0,0.0,7.5
2024-03-16 03:00:00,18.7,89.52,0.0,0.0,5.9
2024-03-16 04:00:00,18.8,88.77,0.0,0.0,1.9
2024-03-16 05:00:00,17.3,84.93,0.0,0.0,1.3
2024-03-16 06:00:00,17.8,94.67,0.0,0.0,13.5
2024-03-16 07:00:00,18.0,93.21,0.0,0.0,9.2
2024-03-16 08:00:00,17.8,78.17,0.798,0.0,7.3
2024-03-16 09:00:00,19.0,82.25,0.0,0.0,21.5
2024-03-16 10:00:00,19.9,73.56,0.0,0.0,26.6
2024-03-16 11:00:00,20.7,62.99,0.0,0.0,15.6
2024-03-16 12:00:00,21.1,58.68,0.0,0.0,37.8
2024-03-16 13:00:00,21.2,54.53,0.0,0.0,40.7
2024-03-16 14:00:00,22.0,46.26,0.0,0.0,16.3
2024-03-16 15:00:00,21.7,53.75,0.0,0.0,37.6
2024-03-16 16:00:00,21.7,55.67,0.0,0.0,37.7
2024-03-16 17:00:00,22.3,47.8,0.0,0.0,18.7
2024-03-16 18:00:00,19.9,64.13,0.0,0.0,39.3
2024-03-16 19:00:00,20.0,63.36,0.0,0.0,37.0
2024-03-16 20:00:00,19.3,59.26,0.134,0.0,33.3
2024-03-16 21:00:00,18.9,64.49,0.0,0.0,40.1
2024-03-16 22:00:00,18.9,64.34,0.0,0.0,38.8
2024-03-16 23:00:00,19.8,51.76,0.0,0.0,21.8
2024-03-17 00:00:00,17.9,69.26,0.0,0.0,29.2
2024-03-17 01:00:00,17.9,71.52,0.0,0.0,31.8
2024-03-17 02:00:00,21.1,41.31,0.002,0.0,26.5
2024-03-17 03:00:00,18.0,72.78,0.0,0.0,37.8
2024-03-17 04:00:00,18.0,70.83,0.0,0.0,32.3
2024-03-17 05:00:00,20.3,49.2,0.0,0.0,29.3
2024-03-17 06:00:00,16.2,74.56,0.0,0.0,24.2
2024-03-17 07:00:00,13.2,87.49,0.0,0.0,8.5
2024-03-17 08:00:00,20.9,45.72,0.0,0.0,4.8
2024-03-17 09:00:00,19.9,57.14,0.0,0.0,13.9
2024-03-17 10:00:00,21.3,52.42,0.0,0.0,12.5
2024-03-17 11:00:00,24.0,40.57,0.0,0.0,3.8
2024-03-17 12:00:00,26.5,38.27,0.0,0.0,8.8
2024-03-17 13:00:00,28.3,32.44,0.0,0.0,17.9
2024-03-17 14:00:00,27.2,33.58,0.0,0.0,13.2
2024-03-17 15:00:00,27.3,40.56,0.0,0.0,28.4
2024-03-17 16:00:00,27.3,40.87,0.0,0.0,27.4
2024-03-17 17:00:00,27.4,35.56,0.0,0.0,18.1
2024-03-17 18:00:00,25.5,46.74,0.0,0.0,26.9
2024-03-17 19:00:00,22.9,55.81,0.0,0.0,15.6
2024-03-17 20:00:00,23.5,47.05,0.0,0.0,20.2
2024-03-17 21:00:00,20.7,61.29,0.0,0.0,21.2
2024-03-17 22:00:00,19.0,67.71,0.0,0.0,10.2
2024-03-17 23:00:00,22.8,45.94,0.0,0.0,10.7
2024-03-18 00:00:00,17.8,73.49,0.0,0.0,22.3
2024-03-18 01:00:00,18.3,71.64,0.0,0.0,22.4
2024-03-18 02:00:00,21.0,47.76,0.0,0.0,1.5
2024-03-18 03:00:00,19.0,68.18,0.0,0.0,24.1
2024-03-18 04:00:00,17.0,72.4,0.0,0.0,11.2
2024-03-18 05:00:00,18.9,51.75,0.0,0.0,1.3
2024-03-18 06:00:00,17.2,81.69,0.0,0.0,13.0
2024-03-18 07:00:00,16.7,81.63,0.0,0.0,10.4
2024-03-18 08:00:00,20.6,53.91,0.0,0.0,0.1
2024-03-18 09:00:00,22.2,56.12,0.0,0.0,12.0
2024-03-18 10:00:00,24.2,52.36,0.0,0.0,8.4
2024-03-18 11:00:00,27.7,36.18,0.0,0.0,4.3
2024-03-18 12:00:00,28.0,39.62,0.0,0.0,7.6
2024-03-18 13:00:00,29.0,33.94,0.0,0.0,14.8
2024-03-18 14:00:00,32.2,27.81,0.0,0.0,5.0
2024-03-18 15:00:00,28.9,37.1,0.0,0.0,18.4
2024-03-18 16:00:00,27.0,44.83,0.0,0.0,22.3
2024-03-18 17:00:00,29.9,35.55,0.0,0.0,4.5
2024-03-18 18:00:00,21.6,69.4,0.0,0.0,25.1
2024-03-18 19:00:00,18.9,82.74,0.0,0.0,18.4
2024-03-18 20:00:00,24.6,49.58,0.0,0.0,2.9
2024-03-18 21:00:00,18.1,87.22,0.0,0.0,23.3
2024-03-18 22:00:00,17.3,91.07,0.0,0.0,19.5
2024-03-18 23:00:00,20.4,56.48,0.0,0.0,1.5
2024-03-19 00:00:00,16.9,88.36,0.0,0.0,18.8
2024-03-19 01:00:00,16.9,88.61,0.0,0.0,16.6
2024-03-19 02:00:00,18.5,70.21,0.0,0.0,0.3
2024-03-19 03:00:00,16.9,89.27,0.0,0.0,23.2
2024-03-19 04:00:00,17.0,88.48,0.0,0.0,23.3
2024-03-19 05:00:00,18.4,70.2,0.0,0.0,5.2
2024-03-19 06:00:00,16.7,90.44,0.0,0.0,23.6
2024-03-19 07:00:00,16.8,88.85,0.0,0.0,22.5
2024-03-19 08:00:00,18.8,70.7,0.0,0.0,2.0
2024-03-19 09:00:00,20.8,69.32,0.0,0.0,12.7
2024-03-19 10:00:00,22.8,61.54,0.0,0.0,11.6
2024-03-19 11:00:00,24.8,48.96,0.0,0.0,3.9
2024-03-19 12:00:00,26.7,48.39,0.0,0.0,25.9
2024-03-19 13:00:00,26.5,44.05,0.0,0.0,19.5
2024-03-19 14:00:00,28.2,36.28,0.0,0.0,8.9
2024-03-19 15:00:00,25.6,59.27,0.0,0.0,23.4
2024-03-19 16:00:00,25.5,59.43,0.0,0.0,27.3
2024-03-19 17:00:00,30.9,30.13,0.0,0.0,9.4
2024-03-19 18:00:00,23.0,72.56,0.0,0.0,24.0
2024-03-19 19:00:00,20.8,79.01,0.0,0.0,27.8
2024-03-19 20:00:00,25.9,55.44,0.0,0.0,19.2
2024-03-19 21:00:00,20.5,80.67,0.0,0.0,21.8
2024-03-19 22:00:00,22.0,73.28,0.0,0.0,9.4
2024-03-19 23:00:00,25.4,56.51,0.0,0.0,16.0
2024-03-20 00:00:00,20.3,81.96,0.0,0.0,13.3
2024-03-20 01:00:00,20.9,78.52,0.0,0.0,17.6
2024-03-20 02:00:00,23.0,53.66,0.0,0.0,3.7
2024-03-20 03:00:00,19.9,81.15,0.0,0.0,10.3
2024-03-20 04:00:00,18.0,88.21,0.0,0.0,6.6
2024-03-20 05:00:00,21.8,59.53,0.0,0.0,1.3
2024-03-20 06:00:00,16.9,90.1,0.0,0.0,6.7
2024-03-20 07:00:00,18.0,88.28,0.0,0.0,9.1
2024-03-20 08:00:00,23.3,53.7,0.0,0.0,0.1
2024-03-20 09:00:00,23.0,64.63,0.0,0.0,13.4
2024-03-20 10:00:00,24.5,60.96,0.0,0.0,13.2
2024-03-20 11:00:00,29.3,36.96,0.0,0.0,2.0
2024-03-20 12:00:00,28.7,46.38,0.0,0.0,17.3
2024-03-20 13:00:00,29.7,41.17,0.0,0.0,17.2
2024-03-20 14:00:00,32.3,33.28,0.0,0.0,6.4
2024-03-20 15:00:00,26.9,51.59,0.0,0.0,21.2
2024-03-20 16:00:00,26.8,55.01,0.0,0.0,21.4
2024-03-20 17:00:00,32.3,34.7,0.0,0.0,4.4
2024-03-20 18:00:00,23.1,67.61,0.0,0.0,18.3
2024-03-20 19:00:00,21.1,72.84,0.0,0.0,20.2
2024-03-20 20:00:00,27.1,52.07,0.0,0.0,0.2
2024-03-20 21:00:00,19.3,80.5,0.0,0.0,9.5
2024-03-20 22:00:00,20.3,77.08,0.0,0.0,11.9
2024-03-20 23:00:00,23.6,51.91,0.0,0.0,1.3
2024-03-21 00:00:00,20.1,81.83,0.0,0.0,50.0
2024-03-21 01:00:00,17.1,87.33,0.0,0.0,5.4
2024-03-21 02:00:00,22.3,57.86,0.0,0.0,1.8
2024-03-21 03:00:00,17.0,88.78,0.0,0.0,2.8
2024-03-21 04:00:00,16.5,91.02,0.0,0.0,3.4
2024-03-21 05:00:00,19.6,67.45,0.0,0.0,0.1
2024-03-21 06:00:00,16.6,91.17,0.0,0.0,2.2
2024-03-21 07:00:00,16.4,91.52,0.0,0.0,1.9
2024-03-21 08:00:00,20.7,70.04,0.0,0.0,1.8
2024-03-21 09:00:00,21.3,76.34,0.0,0.0,8.5
2024-03-21 10:00:00,23.9,65.69,0.0,0.0,8.1
2024-03-21 11:00:00,26.9,52.21,0.0,0.0,4.8
2024-03-21 12:00:00,29.7,43.56,0.0,0.0,5.8
2024-03-21 13:00:00,31.8,39.2,0.0,0.0,9.3
2024-03-21 14:00:00,31.6,32.78,0.0,0.0,7.0
2024-03-21 15:00:00,32.4,37.42,0.0,0.0,11.9
2024-03-21 16:00:00,30.7,41.19,0.0,0.0,14.6
2024-03-21 17:00:00,30.2,40.4,0.0,0.0,8.8
2024-03-21 18:00:00,29.1,46.28,0.0,0.0,12.6
2024-03-21 19:00:00,22.7,66.51,0.0,0.0,9.0
2024-03-21 20:00:00,25.1,60.06,0.0,0.0,2.5
2024-03-21 21:00:00,19.2,81.53,0.0,0.0,2.3
2024-03-21 22:00:00,20.2,76.49,0.0,0.0,7.8
2024-03-21 23:00:00,19.1,73.51,0.0,0.0,1.2
2024-03-22 00:00:00,17.4,85.14,0.0,0.0,9.0
2024-03-22 01:00:00,17.1,88.27,0.0,0.0,1.9
2024-03-22 02:00:00,14.9,82.26,0.0,0.0,1.3
2024-03-22 03:00:00,15.1,87.96,0.0,0.0,7.6
2024-03-22 04:00:00,14.1,93.94,0.0,0.0,7.8
2024-03-22 05:00:00,13.6,85.28,0.0,0.0,1.3
2024-03-22 06:00:00,13.2,98.68,0.0,0.0,5.9
2024-03-22 07:00:00,13.2,94.01,0.0,0.0,9.9
2024-03-22 08:00:00,14.1,87.65,0.0,0.0,1.9
2024-03-22 09:00:00,16.4,98.99,0.0,0.0,14.4
2024-03-22 10:00:00,17.3,96.86,0.0,0.0,20.2
2024-03-22 11:00:00,20.8,72.77,0.0,0.0,12.4
2024-03-22 12:00:00,22.0,72.17,0.0,0.0,14.0
2024-03-22 13:00:00,23.1,67.88,0.0,0.0,8.6
2024-03-22 14:00:00,24.3,60.1,0.0,0.0,11.8
2024-03-22 15:00:00,23.9,65.35,0.0,0.0,16.2
2024-03-22 16:00:00,24.8,61.97,0.0,0.0,23.5
2024-03-22 17:00:00,23.4,63.64,0.0,0.0,16.7
2024-03-22 18:00:00,22.8,65.68,0.0,0.0,23.9
2024-03-22 19:00:00,20.8,78.21,0.0,0.0,14.3
2024-03-22 20:00:00,19.9,76.62,0.0,0.0,10.0
2024-03-22 21:00:00,19.8,83.68,0.0,0.0,22.8
2024-03-22 22:00:00,18.9,88.25,0.0,0.0,22.9
2024-03-22 23:00:00,19.8,76.28,0.0,0.0,2.0
2024-03-23 00:00:00,18.8,78.26,0.0,0.0,19.7
2024-03-23 01:00:00,18.9,77.85,0.0,0.0,19.5
2024-03-23 02:00:00,18.9,72.43,0.0,0.0,1.5
2024-03-23 03:00:00,18.9,73.12,0.0,0.0,15.5
2024-03-23 04:00:00,18.8,73.06,0.0,0.0,12.4
2024-03-23 05:00:00,18.1,73.31,0.0,0.0,0.2
2024-03-23 06:00:00,17.9,73.04,0.0,0.0,15.9
2024-03-23 07:00:00,17.9,72.19,0.0,0.0,11.6
2024-03-23 08:00:00,18.0,70.47,0.0,0.0,1.3
2024-03-23 09:00:00,19.0,66.21,0.0,0.0,17.5
2024-03-23 10:00:00,19.1,64.06,0.0,0.0,12.3
2024-03-23 11:00:00,21.1,57.3,0.0,0.0,7.6
2024-03-23 12:00:00,20.8,56.84,0.0,0.0,23.7
2024-03-23 13:00:00,20.8,56.79,0.0,0.0,24.5
2024-03-23 14:00:00,20.8,54.29,0.0,0.0,13.1
2024-03-23 15:00:00,19.0,63.72,0.0,0.0,23.5
2024-03-23 16:00:00,19.0,66.9,0.0,0.0,21.9
2024-03-23 17:00:00,19.4,58.85,0.0,0.0,9.4
2024-03-23 18:00:00,17.8,77.57,0.0,0.0,29.1
2024-03-23 19:00:00,17.0,82.75,0.0,0.0,20.6
2024-03-23 20:00:00,17.9,68.51,0.0,0.0,3.8
2024-03-23 21:00:00,16.7,89.94,0.0,0.0,18.1
2024-03-23 22:00:00,16.7,89.94,0.0,0.0,17.3
2024-03-23 23:00:00,16.7,73.93,0.0,0.0,0.1
2024-03-24 00:00:00,17.4,77.58,0.0,0.0,12.1
2024-03-24 01:00:00,17.7,75.56,0.0,0.0,15.1
2024-03-24 02:00:00,15.5,81.4,0.0,0.0,1.4
2024-03-24 03:00:00,16.1,92.0,0.0,0.0,17.1
2024-03-24 04:00:00,16.6,89.4,0.0,0.0,14.4
2024-03-24 05:00:00,15.6,83.11,0.0,0.0,1.3
2024-03-24 06:00:00,16.9,88.05,0.0,0.0,11.2
2024-03-24 07:00:00,16.9,83.24,0.0,0.0,18.4
2024-03-24 08:00:00,15.4,75.69,0.0,0.0,1.4
2024-03-24 09:00:00,16.9,68.67,0.0,0.0,18.2
2024-03-24 10:00:00,16.9,68.05,0.0,0.0,18.8
2024-03-24 11:00:00,17.7,60.59,0.0,0.0,6.4
2024-03-24 12:00:00,19.3,59.77,0.0,0.0,19.9
2024-03-24 13:00:00,22.3,47.97,0.0,0.0,21.4
2024-03-24 14:00:00,21.8,44.32,0.0,0.0,13.1
2024-03-24 15:00:00,22.0,43.98,0.0,0.0,26.6
2024-03-24 16:00:00,20.9,53.63,0.0,0.0,29.4
2024-03-24 17:00:00,20.0,52.6,0.0,0.0,11.3
2024-03-24 18:00:00,20.7,51.63,0.0,0.0,23.6
2024-03-24 19:00:00,19.8,56.74,0.0,0.0,16.4
2024-03-24 20:00:00,18.8,61.32,0.0,0.0,7.9
2024-03-24 21:00:00,19.0,59.96,0.0,0.0,22.5
2024-03-24 22:00:00,18.0,65.16,0.0,0.0,21.3
2024-03-24 23:00:00,16.8,74.91,0.0,0.0,5.8
2024-03-25 00:00:00,17.9,73.67,0.0,0.0,22.2
2024-03-25 01:00:00,16.8,78.52,0.0,0.0,19.5
2024-03-25 02:00:00,16.3,80.25,0.0,0.0,10.2
2024-03-25 03:00:00,16.7,79.74,0.0,0.0,23.1
2024-03-25 04:00:00,16.9,82.67,0.0,0.0,26.5
2024-03-25 05:00:00,15.4,83.73,0.0,0.0,7.9
2024-03-25 06:00:00,16.8,83.03,0.0,0.0,24.0
2024-03-25 07:00:00,16.9,83.4,0.0,0.0,22.7
2024-03-25 08:00:00,16.3,81.04,0.0,0.0,8.3
2024-03-25 09:00:00,19.7,70.93,0.0,0.0,23.1
2024-03-25 10:00:00,20.9,66.13,0.0,0.0,24.8
2024-03-25 11:00:00,20.9,67.83,0.0,0.0,5.7
2024-03-25 12:00:00,23.1,51.18,0.0,0.0,26.0
2024-03-25 13:00:00,23.0,53.72,0.0,0.0,24.6
2024-03-25 14:00:00,21.7,64.36,0.0,0.0,11.9
2024-03-25 15:00:00,23.5,55.45,0.0,0.0,22.5
2024-03-25 16:00:00,23.3,56.26,0.0,0.0,23.5
2024-03-25 17:00:00,21.8,62.34,0.0,0.0,15.5
2024-03-25 18:00:00,20.7,70.02,0.0,0.0,20.3
2024-03-25 19:00:00,19.1,81.22,0.0,0.0,15.8
2024-03-25 20:00:00,19.7,67.67,0.0,0.0,12.9
2024-03-25 21:00:00,18.0,82.96,0.0,0.0,4.8
2024-03-25 22:00:00,16.1,88.05,0.0,0.0,12.4
2024-03-25 23:00:00,17.4,77.33,0.0,0.0,0.1
2024-03-26 00:00:00,17.0,88.2,0.0,0.0,10.7
2024-03-26 01:00:00,17.2,87.72,0.0,0.0,14.9
2024-03-26 02:00:00,17.0,76.31,0.0,0.0,1.3
2024-03-26 03:00:00,17.0,88.37,0.0,0.0,15.7
2024-03-26 04:00:00,16.8,90.15,0.0,0.0,15.7
2024-03-26 05:00:00,15.6,82.6,0.0,0.0,1.4
2024-03-26 06:00:00,16.8,89.97,0.0,0.0,15.7
2024-03-26 07:00:00,16.9,87.45,0.0,0.0,14.1
2024-03-26 08:00:00,16.8,80.27,0.0,0.0,1.3
2024-03-26 09:00:00,19.8,74.18,0.0,0.0,20.3
2024-03-26 10:00:00,21.0,68.14,0.0,0.0,22.8
2024-03-26 11:00:00,22.5,60.88,0.0,0.0,5.7
2024-03-26 12:00:00,22.8,59.17,0.0,0.0,35.2
2024-03-26 13:00:00,23.1,60.96,0.0,0.0,33.4
2024-03-26 14:00:00,23.0,60.69,0.0,0.0,37.1
2024-03-26 15:00:00,23.0,64.71,0.0,0.0,40.7
2024-03-26 16:00:00,21.0,73.11,0.0,0.0,42.5
2024-03-26 17:00:00,19.0,82.75,0.0,0.0,42.5
2024-03-26 18:00:00,17.9,86.86,0.0,0.0,39.7
2024-03-26 19:00:00,17.9,82.59,0.0,0.0,38.7
2024-03-26 20:00:00,18.0,69.68,0.0,0.0,25.8
2024-03-26 21:00:00,18.0,77.46,0.0,0.0,33.5
2024-03-26 22:00:00,18.0,77.46,0.0,0.0,37.1
2024-03-26 23:00:00,18.0,77.46,0.0,0.0,33.5
2024-03-27 00:00:00,17.0,82.5,0.0,0.0,37.1
2024-03-27 01:00:00,17.0,82.5,0.0,0.0,33.5
2024-03-27 02:00:00,17.0,82.5,0.0,0.0,33.5
2024-03-27 03:00:00,17.0,82.5,0.0,0.0,31.7
2024-03-27 04:00:00,17.0,77.3,0.0,0.0,31.7
2024-03-27 05:00:00,17.2,68.92,0.0,0.0,27.0
2024-03-27 06:00:00,16.9,78.38,0.0,0.0,28.6
2024-03-27 07:00:00,16.9,78.14,0.0,0.0,28.4
2024-03-27 08:00:00,19.3,60.94,0.0,0.0,18.6
2024-03-27 09:00:00,20.7,64.54,0.0,0.0,29.6
2024-03-27 10:00:00,22.7,57.04,0.0,0.0,18.7
2024-03-27 11:00:00,21.8,55.6,0.0,0.0,19.9
2024-03-27 12:00:00,23.7,58.2,0.0,0.0,37.5
2024-03-27 13:00:00,26.5,46.7,0.0,0.0,23.6
2024-03-27 14:00:00,23.9,53.86,0.0,0.0,17.4
2024-03-27 15:00:00,25.7,51.18,0.0,0.0,30.6
2024-03-27 16:00:00,24.6,54.99,0.0,0.0,30.4
2024-03-27 17:00:00,23.4,52.73,0.0,0.0,16.2
2024-03-27 18:00:00,21.7,65.54,0.0,0.0,30.4
2024-03-27 19:00:00,20.7,69.44,0.0,0.0,33.8
2024-03-27 20:00:00,19.0,77.61,0.0,0.0,31.7
2024-03-27 21:00:00,19.0,77.61,0.0,0.0,29.5
2024-03-27 22:00:00,18.0,82.63,0.0,0.0,27.7
2024-03-27 23:00:00,18.0,82.63,0.0,0.0,16.6
2024-03-28 00:00:00,18.0,82.63,0.0,0.0,18.4
2024-03-28 01:00:00,18.0,77.46,0.0,0.0,22.3
2024-03-28 02:00:00,16.0,87.92,0.0,0.0,20.5
2024-03-28 03:00:00,17.0,88.01,0.0,0.0,18.4
2024-03-28 04:00:00,16.0,87.92,0.0,0.0,18.4
2024-03-28 05:00:00,16.0,87.92,0.0,0.0,16.6
2024-03-28 06:00:00,16.0,87.92,0.0,0.0,18.4
2024-03-28 07:00:00,16.0,87.92,0.0,0.0,18.4
2024-03-28 08:00:00,16.0,93.79,0.0,0.0,16.6
2024-03-28 09:00:00,18.0,82.63,0.0,0.0,18.4
2024-03-28 10:00:00,21.0,68.57,0.0,0.0,13.0
2024-03-28 11:00:00,21.0,68.57,0.0,0.0,24.1
2024-03-28 12:00:00,23.0,60.69,0.0,0.0,18.4
2024-03-28 13:00:00,23.0,64.71,0.0,0.0,24.1
2024-03-28 14:00:00,23.0,64.71,0.0,0.0,31.7
2024-03-28 15:00:00,22.0,68.76,0.0,0.0,35.3
2024-03-28 16:00:00,21.0,73.11,0.0,0.0,46.4
2024-03-28 17:00:00,21.0,68.57,0.0,0.0,40.7
2024-03-28 18:00:00,19.0,77.61,0.0,0.0,42.5
2024-03-28 19:00:00,18.0,82.63,0.0,0.0,37.1
2024-03-28 20:00:00,18.0,82.63,0.0,0.0,38.9
2024-03-28 21:00:00,18.0,77.46,0.0,0.0,35.3
2024-03-28 22:00:00,18.0,72.57,0.0,0.0,27.7
2024-03-28 23:00:00,18.0,77.46,0.0,0.0,27.7
2024-03-29 00:00:00,18.0,77.46,0.0,0.0,31.7
2024-03-29 01:00:00,18.0,77.46,0.0,0.0,37.1
2024-03-29 02:00:00,18.0,77.46,0.0,0.0,27.7
2024-03-29 03:00:00,18.0,72.57,0.0,0.0,20.5
2024-03-29 04:00:00,18.0,72.57,0.0,0.0,35.3
2024-03-29 05:00:00,18.0,77.46,0.0,0.0,33.5
2024-03-29 06:00:00,18.0,77.46,0.0,0.0,31.7
2024-03-29 07:00:00,18.0,72.57,0.0,0.0,33.5
2024-03-29 08:00:00,18.0,77.46,0.0,0.0,29.5
2024-03-29 09:00:00,20.0,68.37,0.0,0.0,20.5
2024-03-29 10:00:00,22.0,60.46,0.0,0.0,24.1
2024-03-29 11:00:00,24.0,53.56,0.0,0.0,22.3
2024-03-29 12:00:00,26.0,44.54,0.0,0.0,20.5
2024-03-29 13:00:00,25.0,50.45,0.0,0.0,31.7
2024-03-29 14:00:00,25.0,50.45,0.0,0.0,25.9
2024-03-29 15:00:00,25.0,50.45,0.0,0.0,24.1
2024-03-29 16:00:00,26.0,50.71,0.0,0.0,24.1
2024-03-29 17:00:00,25.0,53.82,0.0,0.0,29.5
2024-03-29 18:00:00,23.0,60.69,0.0,0.0,27.7
2024-03-29 19:00:00,22.0,64.49,0.0,0.0,25.9
2024-03-29 20:00:00,21.0,68.57,0.0,0.0,24.1
2024-03-29 21:00:00,21.0,68.57,0.0,0.0,20.5
2024-03-29 22:00:00,20.0,72.93,0.0,0.0,22.3
2024-03-29 23:00:00,20.0,72.93,0.0,0.0,13.0
2024-03-30 00:00:00,19.0,77.61,0.0,0.0,7.6
2024-03-30 01:00:00,18.0,77.46,0.0,0.0,7.6
2024-03-30 02:00:00,17.0,82.5,0.0,0.0,5.4
2024-03-30 03:00:00,19.0,72.75,0.0,0.0,11.2
2024-03-30 04:00:00,18.0,77.46,0.0,0.0,11.2
2024-03-30 05:00:00,18.0,77.46,0.0,0.0,11.2
2024-03-30 06:00:00,18.0,77.46,0.0,0.0,11.2
2024-03-30 07:00:00,17.0,82.5,0.0,0.0,7.6
2024-03-30 08:00:00,18.0,82.63,0.0,0.0,9.4
2024-03-30 09:00:00,21.0,68.57,0.0,0.0,5.4
2024-03-30 10:00:00,24.0,57.14,0.0,0.0,7.6
2024-03-30 11:00:00,28.0,45.09,0.0,0.0,9.4
2024-03-30 12:00:00,31.0,35.55,0.0,0.0,9.4
2024-03-30 13:00:00,31.0,35.55,0.0,0.0,13.0
2024-03-30 14:00:00,31.0,35.55,0.0,0.0,14.8
2024-03-30 15:00:00,31.0,35.55,0.0,0.0,16.6
2024-03-30 16:00:00,31.0,35.55,0.0,0.0,14.8
2024-03-30 17:00:00,30.0,35.27,0.0,0.0,14.8
2024-03-30 18:00:00,28.0,45.09,0.0,0.0,9.4
2024-03-30 19:00:00,24.0,57.14,0.0,0.0,9.4
2024-03-30 20:00:00,20.0,72.93,0.0,0.0,5.4
2024-03-30 21:00:00,20.0,72.93,0.0,0.0,3.6
2024-03-30 22:00:00,21.0,68.57,0.0,0.0,5.4
2024-03-30 23:00:00,22.0,64.49,0.0,0.0,7.6
2024-03-31 00:00:00,20.0,68.37,0.0,0.0,7.6
2024-03-31 01:00:00,23.0,49.92,0.0,0.0,20.5
2024-03-31 02:00:00,19.0,63.84,0.0,0.0,24.1
2024-03-31 03:00:00,16.2,95.01,0.0,0.0,16.9
2024-03-31 04:00:00,18.0,77.46,0.0,0.0,22.3
2024-03-31 05:00:00,17.0,88.01,0.0,0.0,27.7
2024-03-31 06:00:00,17.0,100.0,0.0,0.0,29.5
2024-03-31 07:00:00,17.0,93.84,0.0,0.0,25.9
2024-03-31 08:00:00,18.0,82.63,0.0,0.0,29.5
2024-03-31 09:00:00,20.0,72.93,0.0,0.0,27.7
2024-03-31 10:00:00,22.0,64.49,0.1,0.0,24.1
2024-03-31 11:00:00,23.0,60.69,0.0,0.0,29.5
2024-03-31 12:00:00,24.0,57.14,0.0,0.0,31.7
2024-03-31 13:00:00,23.0,60.69,0.0,0.0,37.1
2024-03-31 14:00:00,22.0,68.76,0.0,0.0,37.1
2024-03-31 15:00:00,22.0,64.49,0.0,0.0,31.7
2024-03-31 16:00:00,21.0,68.57,0.0,0.0,29.5
2024-03-31 17:00:00,21.0,73.11,0.0,0.0,33.5
2024-03-31 18:00:00,20.0,72.93,0.1,0.0,22.3
2024-03-31 19:00:00,20.0,77.76,0.2,0.0,24.1
2024-03-31 20:00:00,17.0,93.84,0.1,0.0,14.8
2024-03-31 21:00:00,16.0,100.0,0.2,0.0,14.8
2024-03-31 22:00:00,17.0,93.84,0.1,0.0,9.4
2024-03-31 23:00:00,17.0,93.84,0.0,0.0,13.0
